Abepura DC,Abepura Hub,4219,KOTA JAYAPURA,Multi
Abepura DC,Muara Tami Hub,546,KOTA JAYAPURA,Multi
Abepura DC,Nimbokrang Hub,102,KAB. JAYAPURA,Multi
Baguala DC,Baguala 2 Hub,2818,KOTA AMBON,Multi
Baguala DC,Baguala Hub,2319,KOTA AMBON,Multi
Baguala DC,Kota Masohi Hub,813,KAB. MALUKU TENGAH,Multi
Baguala DC,Sirimau 2 Hub,1735,KOTA AMBON,Multi
Baguala DC,Sirimau Hub,3980,KOTA AMBON,Multi
Balikpapan DC,Anggana Hub,2617,KAB. KUTAI KARTANEGARA,Multi
Balikpapan DC,Babulu Hub,4543,KAB. PENAJAM PASER UTARA,Multi
Balikpapan DC,Balikpapan Barat Hub,6384,KOTA BALIKPAPAN,Multi
Balikpapan DC,Balikpapan Hub,8096,KOTA BALIKPAPAN,Multi
Balikpapan DC,Balikpapan Kota Hub,10505,KOTA BALIKPAPAN,Multi
Balikpapan DC,Balikpapan Timur 2 Hub,4585,KOTA BALIKPAPAN,Multi
Balikpapan DC,Balikpapan Timur Hub,5091,KOTA BALIKPAPAN,Multi
Balikpapan DC,Balikpapan Utara 3 Hub,9870,KOTA BALIKPAPAN,Multi
Balikpapan DC,Balikpapan Utara Hub,8265,KOTA BALIKPAPAN,Multi
Balikpapan DC,Batu Engau Hub,1935,KAB. PASER,Multi
Balikpapan DC,Batu Sopang Hub,5142,KAB. PASER,Multi
Balikpapan DC,Bengalon Hub,4476,KAB. KUTAI TIMUR,Multi
Balikpapan DC,Bontang Hub,5396,KOTA BONTANG,Multi
Balikpapan DC,Bontang Selatan 2 Hub,2824,KOTA BONTANG,Multi
Balikpapan DC,Bontang Selatan Hub,2464,KOTA BONTANG,Multi
Balikpapan DC,Bontang Utara Hub,3541,KOTA BONTANG,Multi
Balikpapan DC,Damai Hub,9312,KOTA BALIKPAPAN,Multi
Balikpapan DC,Kembang Janggut Hub,3002,KAB. KUTAI KARTANEGARA,Multi
Balikpapan DC,Kongbeng 2 Hub,2407,KAB. KUTAI TIMUR,Multi
Balikpapan DC,Kota Bangun 2 Hub,2132,KAB. KUTAI KARTANEGARA,Multi
Balikpapan DC,Kota Bangun Hub,3944,KAB. KUTAI KARTANEGARA,Multi
Balikpapan DC,Kuaro Hub,2574,KAB. PASER,Multi
Balikpapan DC,Linggang Bigung Hub,3306,KAB. KUTAI BARAT,Multi
Balikpapan DC,Loa Janan Hub,5769,KAB. KUTAI KARTANEGARA,Multi
Balikpapan DC,Loa Kulu Hub,4120,KAB. KUTAI KARTANEGARA,Multi
Balikpapan DC,Long Ikis Hub,4864,KAB. PASER,Multi
Balikpapan DC,MH 4 Tenggarong Hub,0,KAB. KUTAI KARTANEGARA,Multi
Balikpapan DC,MH Kota Bangun Hub,1122,KAB. KUTAI KARTANEGARA,Multi
Balikpapan DC,MH Long Ikis Hub,1478,KAB. PASER,Multi
Balikpapan DC,MH Palaran Hub,1640,KAB. KUTAI KARTANEGARA,Multi
Balikpapan DC,Mentawa Baru Hub,3,KAB. KOTA WARINGIN TIMUR,Multi
Balikpapan DC,Muara Badak Hub,3260,KAB. KUTAI KARTANEGARA,Multi
Balikpapan DC,Muara Jawa Hub,4460,KAB. KUTAI KARTANEGARA,Multi
Balikpapan DC,Muara Kaman Hub,4792,KAB. KUTAI KARTANEGARA,Multi
Balikpapan DC,Muara Muntai Hub,2351,KAB. KUTAI KARTANEGARA,Multi
Balikpapan DC,Palaran Hub,4672,KOTA SAMARINDA,Multi
Balikpapan DC,Pasir Belengkong Hub,2524,KAB. PASER,Multi
Balikpapan DC,Penajam Hub,6715,KAB. PENAJAM PASER UTARA,Multi
Balikpapan DC,Samarinda Hub,8609,KOTA SAMARINDA,Multi
Balikpapan DC,Samarinda Ilir Hub,3615,KOTA SAMARINDA,Multi
Balikpapan DC,Samarinda Kota Hub,5619,KOTA SAMARINDA,Multi
Balikpapan DC,Samarinda Seberang Hub,11989,KOTA SAMARINDA,Multi
Balikpapan DC,Samarinda Utara 2 Hub,5708,KOTA SAMARINDA,Multi
Balikpapan DC,Samarinda Utara Hub,7854,KOTA SAMARINDA,Multi
Balikpapan DC,Samboja (Semboja) Hub,6433,KAB. KUTAI KARTANEGARA,Multi
Balikpapan DC,Sambutan Hub,6044,KOTA SAMARINDA,Multi
Balikpapan DC,Sangatta 3 Hub,6387,KAB. KUTAI TIMUR,Multi
Balikpapan DC,Sangatta Hub,2517,KAB. KUTAI TIMUR,Multi
Balikpapan DC,Sangatta Utara 2 Hub,9008,KAB. KUTAI TIMUR,Multi
Balikpapan DC,Sebulu Hub,4212,KAB. KUTAI KARTANEGARA,Multi
Balikpapan DC,Sekolaq Darat Hub,3653,KAB. KUTAI BARAT,Multi
Balikpapan DC,Sepaku 2 Hub,1593,KAB. PENAJAM PASER UTARA,Multi
Balikpapan DC,Sungai Kunjang 2 Hub,5701,KOTA SAMARINDA,Multi
Balikpapan DC,Sungai Kunjang Hub,8333,KOTA SAMARINDA,Multi
Balikpapan DC,Sungai Pinang Hub,10858,KOTA SAMARINDA,Multi
Balikpapan DC,Tanah Grogot Hub,11578,KAB. PASER,Multi
Balikpapan DC,Tenggarong Hub,11552,KAB. KUTAI KARTANEGARA,Multi
Balikpapan DC,Tenggarong Seberang 2 Hub,1507,KAB. KUTAI KARTANEGARA,Multi
Balikpapan DC,Tenggarong Seberang Hub,4081,KAB. KUTAI KARTANEGARA,Multi
Balikpapan DC,Waru Kab. Penajam Paser Utara Hub,3779,KAB. PENAJAM PASER UTARA,Multi
Banjarbaru DC,Amuntai Tengah Hub,8917,KAB. HULU SUNGAI UTARA,Multi
Banjarbaru DC,Astambul Hub,4196,KAB. BANJAR,Multi
Banjarbaru DC,Awayan Hub,3013,KAB. BALANGAN,Multi
Banjarbaru DC,Banjarbaru Utara 2 Hub,8678,KOTA BANJARBARU,Multi
Banjarbaru DC,Barabai Hub,9050,KAB. HULU SUNGAI TENGAH,Multi
Banjarbaru DC,Batang Alai Utara Hub,4652,KAB. HULU SUNGAI TENGAH,Multi
Banjarbaru DC,Binuang Hub,5387,KAB. TAPIN,Multi
Banjarbaru DC,Daha Selatan Hub,6476,KAB. HULU SUNGAI SELATAN,Multi
Banjarbaru DC,Dusun Selatan Hub,5815,KAB. BARITO SELATAN,Multi
Banjarbaru DC,Dusun Timur Hub,3524,KAB. BARITO TIMUR,Multi
Banjarbaru DC,Haruai Hub,2233,KAB. TABALONG,Multi
Banjarbaru DC,Kandangan Hub,10285,KAB. HULU SUNGAI SELATAN,Multi
Banjarbaru DC,Kelua Hub,6076,KAB. TABALONG,Multi
Banjarbaru DC,Labuan Amas Selatan Hub,7770,KAB. HULU SUNGAI TENGAH,Multi
Banjarbaru DC,MH 1 Martapura Kalimantan Hub,408,KAB. BANJAR,Multi
Banjarbaru DC,MH Dusun Selatan Hub,521,KAB. BARITO SELATAN,Multi
Banjarbaru DC,MH Kandangan Hub,857,KAB. HULU SUNGAI SELATAN,Multi
Banjarbaru DC,Martapura Kalimantan Hub,4717,KAB. BANJAR,Multi
Banjarbaru DC,Muara Uya Hub,5126,KAB. TABALONG,Multi
Banjarbaru DC,Murung Pudak Hub,8491,KAB. TABALONG,Multi
Banjarbaru DC,Paringin Hub,4332,KAB. BALANGAN,Multi
Banjarbaru DC,Paringin Timur Hub,6217,KAB. BALANGAN,Multi
Banjarbaru DC,Simpang Empat Banjar Hub,5749,KAB. BANJAR,Multi
Banjarbaru DC,Sungai Pandan 2 Hub,4145,KAB. HULU SUNGAI UTARA,Multi
Banjarbaru DC,Sungai Pandan Hub,5822,KAB. HULU SUNGAI UTARA,Multi
Banjarbaru DC,Sungai Raya Hulu Sungai Selatan Hub,4785,KAB. HULU SUNGAI SELATAN,Multi
Banjarbaru DC,Tanjung Hub,7674,KAB. TABALONG,Multi
Banjarbaru DC,Tapin Selatan Hub,5508,KAB. TAPIN,Multi
Banjarbaru DC,Tapin Tengah Hub,4109,KAB. TAPIN,Multi
Banjarbaru DC,Tapin Utara Hub,8126,KAB. TAPIN,Multi
Banjarmasin 2 DC,Angsana Hub,5721,KAB. TANAH BUMBU,Multi
Banjarmasin 2 DC,Banjarbaru 2 Hub,9042,KOTA BANJARBARU,Multi
Banjarmasin 2 DC,Banjarbaru Hub,6980,KOTA BANJARBARU,Multi
Banjarmasin 2 DC,Banjarbaru Utara Hub,13752,KAB. BANJAR,Single
Banjarmasin 2 DC,Bati-bati Hub,4976,KAB. TANAH LAUT,Multi
Banjarmasin 2 DC,Beruntung Baru Hub,2948,KAB. BANJAR,Multi
Banjarmasin 2 DC,Kelumpang Barat Hub,1464,KAB. KOTA BARU,Multi
Banjarmasin 2 DC,Kelumpang Hilir 2 Hub,1290,KAB. KOTA BARU,Multi
Banjarmasin 2 DC,Kintap 2 Hub,2457,KAB. TANAH LAUT,Multi
Banjarmasin 2 DC,Kintap Hub,3538,KAB. TANAH LAUT,Multi
Banjarmasin 2 DC,Kurau Hub,2309,KAB. TANAH LAUT,Multi
Banjarmasin 2 DC,Mantewe 2 Hub,1074,KAB. TANAH BUMBU,Multi
Banjarmasin 2 DC,Mantewe Hub,2203,KAB. TANAH BUMBU,Multi
Banjarmasin 2 DC,Martapura 4 Hub,6569,KAB. BANJAR,Multi
Banjarmasin 2 DC,Muara Teweh Hub,9935,KAB. BARITO UTARA,Multi
Banjarmasin 2 DC,Murung Hub,6653,KAB. MURUNG RAYA,Multi
Banjarmasin 2 DC,Satui 2 Hub,2327,KAB. TANAH BUMBU,Multi
Banjarmasin 2 DC,Satui Hub,6345,KAB. TANAH BUMBU,Multi
Banjarmasin 2 DC,Tambang Ulang Hub,1965,KAB. TANAH LAUT,Multi
Banjarmasin 2 DC,Teweh Selatan Hub,1297,KAB. BARITO UTARA,Multi
Banjarmasin DC,Alalak Hub,9751,KAB. BARITO KUALA,Multi
Banjarmasin DC,Anjir Muara Hub,3954,KAB. BARITO KUALA,Multi
Banjarmasin DC,Bajuin Hub,2838,KAB. TANAH LAUT,Multi
Banjarmasin DC,Banjarmasin Barat Hub,11190,KOTA BANJARMASIN,Multi
Banjarmasin DC,Banjarmasin Hub,9008,KAB. BANJAR,Multi
Banjarmasin DC,Banjarmasin Selatan Hub,14828,KOTA BANJARMASIN,Single
Banjarmasin DC,Banjarmasin Tengah Hub,8127,KOTA BANJARMASIN,Multi
Banjarmasin DC,Banjarmasin Timur Hub,14195,KOTA BANJARMASIN,Single
Banjarmasin DC,Banjarmasin Utara Hub,18237,KOTA BANJARMASIN,Single
Banjarmasin DC,Batulicin 4 Hub,1660,KAB. TANAH BUMBU,Multi
Banjarmasin DC,Batulicin Hub,7405,KAB. TANAH BUMBU,Multi
Banjarmasin DC,Gambut Hub,5794,KAB. BANJAR,Multi
Banjarmasin DC,Jorong Hub,5223,KAB. TANAH LAUT,Multi
Banjarmasin DC,Kapuas Murung Hub,1748,KAB. KAPUAS,Multi
Banjarmasin DC,Kota Baru Kalsel Hub,10452,KAB. KOTA BARU,Multi
Banjarmasin DC,Kusan Hilir Hub,5005,KAB. TANAH BUMBU,Multi
Banjarmasin DC,Kusan Hulu Hub,3462,KAB. TANAH BUMBU,Multi
Banjarmasin DC,Landasan Ulin Hub,6997,KOTA BANJARBARU,Multi
Banjarmasin DC,Liang Anggang Hub,6999,KOTA BANJARBARU,Multi
Banjarmasin DC,MH Kapuas Murung Hub,1096,KAB. KAPUAS,Multi
Banjarmasin DC,MH Selat 2 Hub,1412,KAB. KAPUAS,Multi
Banjarmasin DC,MH Selat Hub,1545,KAB. KAPUAS,Multi
Banjarmasin DC,Mandastana 2 Hub,695,KAB. BARITO KUALA,Multi
Banjarmasin DC,Mandastana Hub,1399,KAB. BARITO KUALA,Multi
Banjarmasin DC,Marabahan Hub,9194,KAB. BARITO KUALA,Multi
Banjarmasin DC,Panyipatan Hub,2472,KAB. TANAH LAUT,Multi
Banjarmasin DC,Pelaihari Hub,6690,KAB. TANAH LAUT,Multi
Banjarmasin DC,Pulau Laut Tengah Hub,1593,KAB. KOTA BARU,Multi
Banjarmasin DC,Pulau Laut Utara Hub,2022,KAB. KOTA BARU,Multi
Banjarmasin DC,Sarang Halang Hub,5585,KAB. TANAH LAUT,Multi
Banjarmasin DC,Selat Hub,12718,KAB. KAPUAS,Single
Banjarmasin DC,Simpang Empat Tanah Bumbu Hub,7119,KAB. TANAH BUMBU,Multi
Banjarmasin DC,Sungai Loban Hub,5307,KAB. TANAH BUMBU,Multi
Banjarmasin DC,Sungai Tabuk Hub,5613,KAB. BANJAR,Multi
Banjarmasin DC,Takisung Hub,3127,KAB. TANAH LAUT,Multi
Banjarmasin DC,Tamban Hub,5571,KAB. BARITO KUALA,Multi
Banjarmasin DC,Wanaraya Hub,2423,KAB. BARITO KUALA,Multi
Dungingi DC,Dungingi Hub,9142,KOTA GORONTALO,Multi
Dungingi DC,Gorontalo Hub,6499,KOTA GORONTALO,Multi
Dungingi DC,Kabila Hub,3025,KAB. BONE BOLANGO,Multi
Dungingi DC,Kota Selatan Hub,5627,KOTA GORONTALO,Multi
Dungingi DC,Kwandang Hub,3511,KAB. GORONTALO UTARA,Multi
Dungingi DC,Limboto Hub,6545,KAB. GORONTALO,Multi
Dungingi DC,MH 2 Kabila Hub,2437,KAB. BONE BOLANGO,Multi
Dungingi DC,MH 3 Tilamuta Hub,1680,KAB. BOALEMO,Multi
Dungingi DC,MH Kwandang Hub,1586,KAB. GORONTALO UTARA,Multi
Dungingi DC,MH Tilamuta 2 Hub,2332,KAB. BOALEMO,Multi
Dungingi DC,Marisa Hub,3082,KAB. POHUWATO,Multi
Dungingi DC,Popayato Hub,3348,KAB. POHUWATO,Multi
Dungingi DC,Sipatana 2 Hub,2525,KOTA GORONTALO,Multi
Dungingi DC,Sipatana Hub,1461,KOTA GORONTALO,Multi
Dungingi DC,Sumalata Hub,2565,KAB. GORONTALO UTARA,Multi
Dungingi DC,Tabongo Hub,4385,KAB. GORONTALO,Multi
Dungingi DC,Tibawa 2 Hub,2572,KAB. GORONTALO,Multi
Dungingi DC,Tibawa Hub,2154,KAB. GORONTALO,Multi
Dungingi DC,Tilamuta Hub,4099,KAB. BOALEMO,Multi
Dungingi DC,Tilango Hub,5568,KAB. GORONTALO,Multi
Dungingi DC,Tolangohula Hub,5562,KAB. GORONTALO,Multi
Jailolo DC,Jailolo Hub,1117,KAB. HALMAHERA BARAT,Multi
Jailolo DC,Maba Hub,524,KAB. HALMAHERA TIMUR,Multi
Jailolo DC,Oba Utara Hub,133,KOTA TIDORE KEPULAUAN,Multi
Jailolo DC,Wasile Timur Hub,870,KAB. HALMAHERA TIMUR,Multi
Jailolo DC,Weda Hub,350,KAB. HALMAHERA TENGAH,Multi
Kalawat DC,Amurang Barat Hub,3811,KAB. MINAHASA SELATAN,Multi
Kalawat DC,Bintauna Hub,2006,KAB. BOLAANG MONGONDOW UTARA,Multi
Kalawat DC,Bolaang Uki Hub,2167,KAB. BOLAANG MONGONDOW SELATAN,Multi
Kalawat DC,Kaidipang Hub,2535,KAB. BOLAANG MONGONDOW UTARA,Multi
Kalawat DC,Kalawat Hub,4685,KAB. MINAHASA UTARA,Multi
Kalawat DC,Kotamobagu Timur Hub,8902,KOTA KOTAMOBAGU,Multi
Kalawat DC,Langowan Utara Hub,3307,KAB. MINAHASA,Multi
Kalawat DC,Lolak Hub,1324,KAB. BOLAANG MONGONDOW (BOLMONG),Multi
Kalawat DC,MH 1 Airmadidi Hub,871,KAB. MINAHASA UTARA,Multi
Kalawat DC,MH 1 Langowan Utara Hub,1767,KAB. MINAHASA,Multi
Kalawat DC,MH 1 Ratahan Hub,376,KAB. MINAHASA TENGGARA,Multi
Kalawat DC,MH 2 Ratahan Hub,575,KAB. MINAHASA TENGGARA,Multi
Kalawat DC,MH Tuminting Hub,0,KOTA MANADO,Multi
Kalawat DC,Madidir Hub,2737,KOTA BITUNG,Multi
Kalawat DC,Malalayang Hub,5131,KOTA MANADO,Multi
Kalawat DC,Mandolang Hub,758,KOTA MANADO,Multi
Kalawat DC,Mapanget Hub,5685,KOTA MANADO,Multi
Kalawat DC,Matuari Hub,4011,KOTA BITUNG,Multi
Kalawat DC,Modayag Barat Hub,1456,KAB. BOLAANG MONGONDOW TIMUR,Multi
Kalawat DC,Ratahan Hub,2446,KAB. MINAHASA TENGGARA,Multi
Kalawat DC,Tombatu Timur Hub,3398,KAB. MINAHASA TENGGARA,Multi
Kalawat DC,Tomohon Hub,4545,KOTA TOMOHON,Multi
Kalawat DC,Tompaso Baru Hub,2412,KAB. MINAHASA SELATAN,Multi
Kalawat DC,Tondano Selatan Hub,7522,KAB. MINAHASA,Multi
Kalawat DC,Tuminting Hub,5087,KOTA MANADO,Multi
Kalawat DC,Tutuyan Hub,1688,KAB. BOLAANG MONGONDOW TIMUR,Multi
Kalawat DC,Wanea Hub,6717,KOTA MANADO,Multi
Ketapang Kalbar DC,Benua Kayong Hub,3678,KAB. KETAPANG,Multi
Ketapang Kalbar DC,Kendawangan 3 Hub,879,KAB. KETAPANG,Multi
Ketapang Kalbar DC,Kendawangan Hub,2679,KAB. KETAPANG,Multi
Ketapang Kalbar DC,Ketapang Kalbar Hub,9124,KAB. KETAPANG,Multi
Ketapang Kalbar DC,Manis Mata 2 Hub,335,KAB. KETAPANG,Multi
Ketapang Kalbar DC,Matan Hilir Selatan 3 Hub,530,KAB. KETAPANG,Multi
Ketapang Kalbar DC,Matan Hilir Utara Hub,1518,KAB. KETAPANG,Multi
Ketapang Kalbar DC,Sukadana Kalbar Hub,3620,KAB. KAYONG UTARA,Multi
Makassar DC,Bajeng Hub,4382,KAB. GOWA,Multi
Makassar DC,Bangkala Hub,3998,KAB. JENEPONTO,Multi
Makassar DC,Bantaeng Hub,5745,KAB. BANTAENG,Multi
Makassar DC,Barombong Hub,3715,KAB. GOWA,Multi
Makassar DC,Binamu Hub,7000,KAB. JENEPONTO,Multi
Makassar DC,Bonto Bahari Hub,2055,KAB. BULUKUMBA,Multi
Makassar DC,Bontomarannu Hub,3847,KAB. GOWA,Multi
Makassar DC,Bontonompo Selatan Hub,3014,KAB. GOWA,Multi
Makassar DC,Bulukumba Hub,4090,KAB. BULUKUMBA,Multi
Makassar DC,Galesong Hub,3622,KAB. TAKALAR,Multi
Makassar DC,Galesong Utara Hub,2634,KAB. TAKALAR,Multi
Makassar DC,Hero Lange Lange Hub,4249,KAB. BULUKUMBA,Multi
Makassar DC,Kelara Hub,2750,KAB. JENEPONTO,Multi
Makassar DC,Lau Hub,0,KAB. MAROS,Multi
Makassar DC,MH Tompobulu 2 Hub,2011,KAB. GOWA,Multi
Makassar DC,Mamajang Hub,10125,KOTA MAKASSAR,Multi
Makassar DC,Mangara Bombang Hub,1726,KAB. TAKALAR,Multi
Makassar DC,Manggala Hub,12271,KOTA MAKASSAR,Multi
Makassar DC,Pallangga Hub,8276,KAB. GOWA,Multi
Makassar DC,Panakkukang Hub,12358,KOTA MAKASSAR,Multi
Makassar DC,Patallassang Hub,3821,KAB. TAKALAR,Multi
Makassar DC,Pattallassang Kab. Gowa Hub,2793,KAB. GOWA,Multi
Makassar DC,Polombangkeng Selatan Hub,1250,KAB. TAKALAR,Multi
Makassar DC,Polombangkeng Utara (Polobangkeng) Hub,2327,KAB. TAKALAR,Multi
Makassar DC,Rappocini Hub,4790,KOTA MAKASSAR,Multi
Makassar DC,Rumbia 2 Hub,1497,KAB. JENEPONTO,Multi
Makassar DC,Sinjai Barat Hub,2438,KAB. SINJAI,Multi
Makassar DC,Sinjai Selatan Hub,2487,KAB. SINJAI,Multi
Makassar DC,Sinjai Timur Hub,2676,KAB. SINJAI,Multi
Makassar DC,Sinjai Utara Hub,5260,KAB. SINJAI,Multi
Makassar DC,Sinoa Hub,1275,KAB. BANTAENG,Multi
Makassar DC,Somba Opu 2 Hub,3648,KAB. GOWA,Multi
Makassar DC,Somba Opu 3 Hub,2470,KAB. GOWA,Multi
Makassar DC,Sungguminasa Hub,5315,KAB. GOWA,Multi
Makassar DC,Tamalanrea Hub,12605,KOTA MAKASSAR,Single
Makassar DC,Tamalate 2 Hub,5607,KOTA MAKASSAR,Multi
Makassar DC,Tamalate Hub,6174,KOTA MAKASSAR,Multi
Makassar DC,Tamalatea Hub,4366,KAB. JENEPONTO,Multi
Makassar DC,Tinggimoncong Hub,3500,KAB. GOWA,Multi
Makassar DC,Tompobulu Hub,2331,KAB. GOWA,Multi
Makassar DC,Ujung Bulu Hub,12314,KAB. BULUKUMBA,Multi
Makassar DC,Wajo Hub,6771,KOTA MAKASSAR,Multi
Manokwari Barat DC,MH Manokwari Barat Hub,239,KAB. MANOKWARI,Multi
Manokwari Barat DC,Manokwari Barat Hub,925,KAB. MANOKWARI,Multi
Mantikulore DC,Ampana Kota Hub,5534,KAB. TOJO UNA-UNA,Multi
Mantikulore DC,Ampana Tete Hub,1329,KAB. TOJO UNA-UNA,Multi
Mantikulore DC,Ampibabo Hub,2105,KAB. PARIGI MOUTONG,Multi
Mantikulore DC,Bahodopi 3 Hub,3263,KAB. MOROWALI,Multi
Mantikulore DC,Bahodopi 4 Hub,5110,KAB. MOROWALI,Multi
Mantikulore DC,Bahodopi 5 Hub,5785,KAB. MOROWALI,Multi
Mantikulore DC,Bahodopi Hub,7069,KAB. MOROWALI,Multi
Mantikulore DC,Banawa Hub,2028,KAB. DONGGALA,Multi
Mantikulore DC,Baolan Hub,3894,KAB. TOLI-TOLI,Multi
Mantikulore DC,Batui Hub,1254,KAB. BANGGAI,Multi
Mantikulore DC,Bolano Lambunu Hub,2490,KAB. PARIGI MOUTONG,Multi
Mantikulore DC,Bumi Raya Hub,1696,KAB. MOROWALI,Multi
Mantikulore DC,Bungku Barat Hub,2580,KAB. MOROWALI,Multi
Mantikulore DC,Bungku Tengah Hub,4157,KAB. MOROWALI,Multi
Mantikulore DC,Dondo Hub,1375,KAB. TOLI-TOLI,Multi
Mantikulore DC,Gumbasa Hub,1141,KAB. SIGI,Multi
Mantikulore DC,MH 1 Mantikulore Hub,1402,KOTA PALU,Multi
Mantikulore DC,MH 2 Dondo Hub,1880,KAB. TOLI-TOLI,Multi
Mantikulore DC,MH 3 Sigi Biromaru Hub,114,KAB. SIGI,Multi
Mantikulore DC,MH Banawa 2 Hub,1742,KAB. DONGGALA,Multi
Mantikulore DC,MH Banawa Hub,1323,KAB. DONGGALA,Multi
Mantikulore DC,MH Baolan 5 Hub,0,KAB. TOLI-TOLI,Multi
Mantikulore DC,MH Parigi 3 Hub,839,KAB. PARIGI MOUTONG,Multi
Mantikulore DC,MH Parigi 5 Hub,3207,KAB. PARIGI MOUTONG,Multi
Mantikulore DC,Mantikulore Hub,8388,KOTA PALU,Multi
Mantikulore DC,Mepanga Hub,1476,KAB. PARIGI MOUTONG,Multi
Mantikulore DC,Palu Hub,8079,KOTA PALU,Multi
Mantikulore DC,Palu Selatan Hub,9663,KOTA PALU,Multi
Mantikulore DC,Palu Timur Hub,8268,KOTA PALU,Multi
Mantikulore DC,Parigi Hub,2549,KAB. PARIGI MOUTONG,Multi
Mantikulore DC,Petasia Hub,2793,KAB. MOROWALI UTARA,Multi
Mantikulore DC,Petasia Timur Hub,3433,KAB. MOROWALI UTARA,Multi
Mantikulore DC,Poso Kota Hub,7992,KAB. POSO,Multi
Mantikulore DC,Sigi Biromaru Hub,6286,KAB. SIGI,Multi
Mantikulore DC,Tinakung Hub,1893,KAB. BANGGAI KEPULAUAN,Multi
Mantikulore DC,Tojo Hub,1571,KAB. TOJO UNA-UNA,Multi
Mantikulore DC,Ulujadi Hub,3899,KOTA PALU,Multi
Mantikulore DC,Wita Ponda Hub,2181,KAB. MOROWALI,Multi
Maros DC,Alla Hub,2325,KAB. ENREKANG,Multi
Maros DC,Amali Hub,985,KAB. BONE,Multi
Maros DC,Awangpone Hub,3327,KAB. BONE,Multi
Maros DC,Bacukiki Barat Hub,6417,KOTA PAREPARE,Multi
Maros DC,Baebunta 2 Hub,2112,KAB. LUWU UTARA,Multi
Maros DC,Balusu Hub,2267,KAB. BARRU,Multi
Maros DC,Bantimurung Hub,2987,KAB. MAROS,Multi
Maros DC,Bara Hub,3084,KOTA PALOPO,Multi
Maros DC,Baraka Hub,4275,KAB. ENREKANG,Multi
Maros DC,Barru Hub,3914,KAB. BARRU,Multi
Maros DC,Belawa Hub,2645,KAB. WAJO,Multi
Maros DC,Belopa Hub,8594,KAB. LUWU,Multi
Maros DC,Bengo 2 Hub,1950,KAB. BONE,Multi
Maros DC,Bengo Hub,2853,KAB. BONE,Multi
Maros DC,Biringkanaya 2 Hub,9399,KOTA MAKASSAR,Multi
Maros DC,Bontoa Hub,1586,KAB. MAROS,Multi
Maros DC,Camba Hub,1937,KAB. MAROS,Multi
Maros DC,Cina Hub,3504,KAB. BONE,Multi
Maros DC,Dua Boccoe Hub,3000,KAB. BONE,Multi
Maros DC,Dua Pitue Hub,3164,KAB. SIDENRENG RAPPANG/RAPANG,Multi
Maros DC,Duampanua Hub,2971,KAB. PINRANG,Multi
Maros DC,Enrekang Hub,2501,KAB. ENREKANG,Multi
Maros DC,Kahu Hub,2205,KAB. BONE,Multi
Maros DC,Lalabata Hub,4987,KAB. SOPPENG,Multi
Maros DC,Larompong Hub,2331,KAB. LUWU,Multi
Maros DC,Lau Hub,3186,KAB. MAROS,Multi
Maros DC,Libureng Hub,1129,KAB. BONE,Multi
Maros DC,Lilir Rilau Hub,4282,KAB. SOPPENG,Multi
Maros DC,MH 1 Barru Hub,0,KAB. BARRU,Multi
Maros DC,MH 1 Towuti Hub,24,KAB. LUWU TIMUR,Multi
Maros DC,MH 3 Towuti Hub,624,KAB. LUWU TIMUR,Multi
Maros DC,MH Makale 3 Hub,532,KAB. TANA TORAJA,Multi
Maros DC,MH Marang 2 Hub,1239,KAB. PANGKAJENE KEPULAUAN,Multi
Maros DC,Maiwa Hub,1737,KAB. ENREKANG,Multi
Maros DC,Majauleng Hub,1777,KAB. WAJO,Multi
Maros DC,Makale Hub,3419,KAB. TANA TORAJA,Multi
Maros DC,Makale Utara Hub,795,KAB. TANA TORAJA,Multi
Maros DC,Makassar 2 Hub,4228,KOTA MAKASSAR,Multi
Maros DC,Makassar Hub,7883,KOTA MAKASSAR,Multi
Maros DC,Malili Hub,4614,KAB. LUWU TIMUR,Multi
Maros DC,Mallusetasi Hub,2444,KAB. BARRU,Multi
Maros DC,Maniang Pajo Hub,2133,KAB. WAJO,Multi
Maros DC,Marang Hub,4701,KAB. PANGKAJENE KEPULAUAN,Multi
Maros DC,Mario Riawa Hub,3253,KAB. SOPPENG,Multi
Maros DC,Mario Riwawo Hub,3443,KAB. SOPPENG,Multi
Maros DC,Maritengngae Hub,10891,KAB. SIDENRENG RAPPANG/RAPANG,Multi
Maros DC,Masamba Hub,4887,KAB. LUWU UTARA,Multi
Maros DC,Mattiro Bulu Hub,4719,KAB. PINRANG,Multi
Maros DC,Mengkendek Hub,2221,KAB. TANA TORAJA,Multi
Maros DC,Palakka Hub,8490,KAB. BONE,Multi
Maros DC,Pammana Hub,2898,KAB. WAJO,Multi
Maros DC,Panca Rijang Hub,5214,KAB. SIDENRENG RAPPANG/RAPANG,Multi
Maros DC,Pangkajene Hub,9916,KAB. PANGKAJENE KEPULAUAN,Multi
Maros DC,Pitu Riase Hub,1125,KAB. SIDENRENG RAPPANG/RAPANG,Multi
Maros DC,Pitu Riawa Hub,2156,KAB. SIDENRENG RAPPANG/RAPANG,Multi
Maros DC,Pitumpanua Hub,5034,KAB. WAJO,Multi
Maros DC,Ponrang Hub,3678,KAB. LUWU,Multi
Maros DC,Rantepao Hub,6766,KAB. TORAJA UTARA,Multi
Maros DC,Sajoanging Hub,1764,KAB. WAJO,Multi
Maros DC,Somba Opu Hub,7679,KOTA MAKASSAR,Multi
Maros DC,Soreang Parepare Hub,6911,KOTA PAREPARE,Multi
Maros DC,Sukamaju Hub,7693,KAB. LUWU UTARA,Multi
Maros DC,Tallo Hub,9660,KOTA MAKASSAR,Multi
Maros DC,Tanete Riattang Hub,4351,KAB. BONE,Multi
Maros DC,Tanete Riattang Timur Hub,4430,KAB. BONE,Multi
Maros DC,Tanete Rilau Hub,3859,KAB. BARRU,Multi
Maros DC,Tanralili Hub,6100,KAB. MAROS,Multi
Maros DC,Tellu Limpoe Hub,2852,KAB. SIDENRENG RAPPANG/RAPANG,Multi
Maros DC,Tempe Hub,9188,KAB. WAJO,Multi
Maros DC,Tomoni Hub,8851,KAB. LUWU TIMUR,Multi
Maros DC,Towuti Hub,3403,KAB. LUWU TIMUR,Multi
Maros DC,Turikale Hub,10307,KAB. MAROS,Multi
Maros DC,Walenrang Hub,4719,KAB. LUWU,Multi
Maros DC,Wara Hub,5890,KOTA PALOPO,Multi
Maros DC,Watang Sawitto Hub,13187,KAB. PINRANG,Single
Merauke DC,Merauke Hub,1339,KAB. MERAUKE,Multi
Palangka Raya DC,Antang Kalang Hub,2360,KAB. KOTA WARINGIN TIMUR,Multi
Palangka Raya DC,Arut Selatan Hub,7043,KAB. KOTA WARINGIN BARAT,Multi
Palangka Raya DC,Baamang 2 Hub,3026,KAB. SERUYAN,Multi
Palangka Raya DC,Baamang 3 Hub,721,KAB. KOTA WARINGIN TIMUR,Multi
Palangka Raya DC,Baamang Hub,9578,KAB. KOTA WARINGIN TIMUR,Multi
Palangka Raya DC,Bukit Batu Kota Palangka Raya Hub,1758,KOTA PALANGKA RAYA,Multi
Palangka Raya DC,Danau Seluluk Hub,2692,KAB. SERUYAN,Multi
Palangka Raya DC,Hanau Hub,2542,KAB. SERUYAN,Multi
Palangka Raya DC,Jekan Raya Hub,12419,KOTA PALANGKA RAYA,Multi
Palangka Raya DC,Kasongan Hub,3749,KAB. KATINGAN,Multi
Palangka Raya DC,Khayan Hilir Hub,3192,KAB. PULANG PISAU,Multi
Palangka Raya DC,Kotawaringin Lama 2 Hub,817,KAB. KOTA WARINGIN BARAT,Multi
Palangka Raya DC,Kumai Hub,5339,KAB. KOTA WARINGIN BARAT,Multi
Palangka Raya DC,Kurun 3 Hub,1461,KAB. GUNUNG MAS,Multi
Palangka Raya DC,Kurun Hub,4232,KAB. GUNUNG MAS,Multi
Palangka Raya DC,MH 1 Palangka Raya Hub,729,KAB. PULANG PISAU,Multi
Palangka Raya DC,MH 1 Pangkalan Lada Hub,595,KAB. KOTA WARINGIN BARAT,Multi
Palangka Raya DC,MH 1 Telaga Antang Hub,784,KAB. KOTA WARINGIN TIMUR,Multi
Palangka Raya DC,MH 1 Tewah Hub,285,KAB. GUNUNG MAS,Multi
Palangka Raya DC,MH 2 Maliku Hub,1138,KAB. PULANG PISAU,Multi
Palangka Raya DC,MH 2 Palangka Raya Hub,0,KOTA PALANGKA RAYA,Multi
Palangka Raya DC,MH Maliku Hub,1110,KAB. PULANG PISAU,Multi
Palangka Raya DC,Maliku Hub,2449,KAB. PULANG PISAU,Multi
Palangka Raya DC,Mengwi Badung Hub,3,KAB. BADUNG,Multi
Palangka Raya DC,Mentawa Baru Hub,11707,KAB. KOTA WARINGIN TIMUR,Multi
Palangka Raya DC,Mentaya Hilir Selatan Hub,3609,KAB. KOTA WARINGIN TIMUR,Multi
Palangka Raya DC,Mentaya Hilir Utara Hub,1893,KAB. KOTA WARINGIN TIMUR,Multi
Palangka Raya DC,Mentaya Hulu Hub,2141,KAB. KOTA WARINGIN TIMUR,Multi
Palangka Raya DC,Nengah Bulik Hub,3895,KAB. LAMANDAU,Multi
Palangka Raya DC,Pahandut 3 Hub,4329,KOTA PALANGKA RAYA,Multi
Palangka Raya DC,Pahandut Hub,9045,KOTA PALANGKA RAYA,Multi
Palangka Raya DC,Palangka Raya Hub,9668,KOTA PALANGKA RAYA,Multi
Palangka Raya DC,Pangkalan Banteng 2 Hub,2299,KAB. KOTA WARINGIN BARAT,Multi
Palangka Raya DC,Pangkalan Banteng Hub,2784,KAB. KOTA WARINGIN BARAT,Multi
Palangka Raya DC,Parenggean Hub,5553,KAB. KOTA WARINGIN TIMUR,Multi
Palangka Raya DC,Payangan Hub,2,KAB. GIANYAR,Multi
Palangka Raya DC,Sebangau Hub,3667,KOTA PALANGKA RAYA,Multi
Palangka Raya DC,Seririt Hub,2,KAB. BULELENG,Multi
Palangka Raya DC,Seruyan Hilir Hub,3767,KAB. SERUYAN,Multi
Palangka Raya DC,Sukamara Hub,3609,KAB. SUKAMARA,Multi
Palangka Raya DC,Telaga Antang Hub,2550,KAB. KOTA WARINGIN TIMUR,Multi
Palangka Raya DC,Telawang Hub,4380,KAB. KOTA WARINGIN TIMUR,Multi
Palangka Raya DC,Tewah Hub,2348,KAB. GUNUNG MAS,Multi
Pontianak 2 DC,Batu Ampar 2 Hub,1404,KAB. KUBU RAYA,Multi
Pontianak 2 DC,Dedai Hub,1643,KAB. SINTANG,Multi
Pontianak 2 DC,Ella Hilir Hub,1197,KAB. MELAWI,Multi
Pontianak 2 DC,Jongkat Hub,1465,KAB. PONTIANAK,Multi
Pontianak 2 DC,Kelam Permai Hub,1638,KAB. SINTANG,Multi
Pontianak 2 DC,Kubu 2 Hub,1219,KAB. KUBU RAYA,Multi
Pontianak 2 DC,Kubu Raya 2 Hub,413,KAB. KUBU RAYA,Multi
Pontianak 2 DC,Kubu Raya Hub,9246,KOTA PONTIANAK,Multi
Pontianak 2 DC,MH 1 Sungai Raya Hub,69,KAB. KUBU RAYA,Multi
Pontianak 2 DC,MH Melawi 2 Hub,32,KAB. MELAWI,Multi
Pontianak 2 DC,MH Tayan Hilir Hub,763,KAB. SANGGAU,Multi
Pontianak 2 DC,Melawi Hub,7721,KAB. MELAWI,Multi
Pontianak 2 DC,Meliau Hub,2585,KAB. SANGGAU,Multi
Pontianak 2 DC,Pontianak Hub,20278,KOTA PONTIANAK,Single
Pontianak 2 DC,Pontianak Timur Hub,7642,KOTA PONTIANAK,Multi
Pontianak 2 DC,Pontianak Utara Hub,6098,KOTA PONTIANAK,Multi
Pontianak 2 DC,Rasau Jaya Hub,3055,KAB. KUBU RAYA,Multi
Pontianak 2 DC,Sepauk Hub,3398,KAB. SINTANG,Multi
Pontianak 2 DC,Siantan Hulu Hub,3140,KOTA PONTIANAK,Multi
Pontianak 2 DC,Siantan Pontianak Hub,1487,KAB. PONTIANAK,Multi
Pontianak 2 DC,Sintang Hub,12938,KAB. SINTANG,Single
Pontianak 2 DC,Sungai Kerawang Hub,742,KAB. KUBU RAYA,Multi
Pontianak 2 DC,Sungai Raya Hub,10735,KAB. KUBU RAYA,Multi
Pontianak 2 DC,Sungai Tebelian Hub,4539,KAB. SINTANG,Multi
Pontianak 2 DC,Tanah Pinoh Hub,2738,KAB. MELAWI,Multi
Pontianak 2 DC,Tayan Hilir Hub,2764,KAB. SANGGAU,Multi
Pontianak 2 DC,Teluk Pakedai Hub,1129,KAB. KUBU RAYA,Multi
Pontianak DC,Anjongan Hub,1677,KAB. PONTIANAK,Multi
Pontianak DC,Balai Hub,957,KAB. SANGGAU,Multi
Pontianak DC,Beduai (Beduwai) Hub,559,KAB. SANGGAU,Multi
Pontianak DC,Binjai Hulu 3 Hub,833,KAB. SINTANG,Multi
Pontianak DC,Bonti Hub,800,KAB. SANGGAU,Multi
Pontianak DC,Kembayan Hub,2581,KAB. SANGGAU,Multi
Pontianak DC,Kuala Behe Hub,893,KAB. LANDAK,Multi
Pontianak DC,Landak Hub,4602,KAB. LANDAK,Multi
Pontianak DC,MH 1 Kembayan Hub,69,KAB. SANGGAU,Multi
Pontianak DC,MH 1 Sei Ambawang Hub,2699,KAB. KUBU RAYA,Multi
Pontianak DC,MH 1 Sungai Pinyuh Hub,738,KAB. PONTIANAK,Multi
Pontianak DC,MH Semitau Hub,857,KAB. KAPUAS HULU,Multi
Pontianak DC,MH Sengah Temila Hub,484,KAB. LANDAK,Multi
Pontianak DC,Mandor Hub,2086,KAB. LANDAK,Multi
Pontianak DC,Marau Hub,1,KAB. KETAPANG,Multi
Pontianak DC,Mempawah Hulu Hub,3004,KAB. LANDAK,Multi
Pontianak DC,Mukok 2 Hub,619,KAB. SANGGAU,Multi
Pontianak DC,Mukok Hub,829,KAB. SANGGAU,Multi
Pontianak DC,Parindu Hub,3071,KAB. SANGGAU,Multi
Pontianak DC,Pontianak Utara Hub,3,KOTA PONTIANAK,Multi
Pontianak DC,Putussibau Selatan Hub,2313,KAB. KAPUAS HULU,Multi
Pontianak DC,Sanggau Hub,5880,KAB. SANGGAU,Multi
Pontianak DC,Sei Ambawang Hub,5734,KAB. KUBU RAYA,Multi
Pontianak DC,Sekadau Hilir Hub,2438,KAB. SEKADAU,Multi
Pontianak DC,Sekayam Hub,2917,KAB. SANGGAU,Multi
Pontianak DC,Sengah Temila 2 Hub,778,KAB. LANDAK,Multi
Pontianak DC,Sengah Temila 3 Hub,874,KAB. LANDAK,Multi
Pontianak DC,Sengah Temila Hub,1818,KAB. LANDAK,Multi
Pontianak DC,Silat Hilir Hub,2587,KAB. KAPUAS HULU,Multi
Pontianak DC,Sintang Hub,6,KAB. SINTANG,Multi
Pontianak DC,Sungai Pinyuh Hub,4231,KAB. PONTIANAK,Multi
Pontianak DC,Tayan Hulu Hub,2255,KAB. SANGGAU,Multi
Pontianak DC,Toho Hub,1635,KAB. PONTIANAK,Multi
Simboro Dan Kepulauan DC,Aralle Hub,1645,KAB. MAMASA,Multi
Simboro Dan Kepulauan DC,Banggae Timur Hub,5891,KAB. MAJENE,Multi
Simboro Dan Kepulauan DC,Baras 2 Hub,1101,KAB. MAMUJU UTARA,Multi
Simboro Dan Kepulauan DC,Baras Hub,1998,KAB. MAMUJU UTARA,Multi
Simboro Dan Kepulauan DC,Kalukku Hub,3233,KAB. MAMUJU,Multi
Simboro Dan Kepulauan DC,Karossa Hub,1898,KAB. MAMUJU TENGAH,Multi
Simboro Dan Kepulauan DC,MH 1 Papalang Hub,1087,KAB. MAMUJU,Multi
Simboro Dan Kepulauan DC,MH Kalukku 3 Hub,310,KAB. MAMUJU,Multi
Simboro Dan Kepulauan DC,MH Mamasa 3 Hub,858,KAB. MAMASA,Multi
Simboro Dan Kepulauan DC,MH Simboro Dan Kepulauan 4 Hub,1034,KAB. MAMUJU,Multi
Simboro Dan Kepulauan DC,MH Wonomulyo Hub,380,KAB. POLEWALI MANDAR,Multi
Simboro Dan Kepulauan DC,Malunda Hub,1797,KAB. MAJENE,Multi
Simboro Dan Kepulauan DC,Mamasa Hub,2550,KAB. MAMASA,Multi
Simboro Dan Kepulauan DC,Papalang Hub,1547,KAB. MAMUJU,Multi
Simboro Dan Kepulauan DC,Polewali Hub,8225,KAB. POLEWALI MANDAR,Multi
Simboro Dan Kepulauan DC,Sampaga Hub,1401,KAB. MAMUJU,Multi
Simboro Dan Kepulauan DC,Sarudu Hub,2329,KAB. MAMUJU UTARA,Multi
Simboro Dan Kepulauan DC,Sendana Hub,2861,KAB. MAJENE,Multi
Simboro Dan Kepulauan DC,Simboro Dan Kepulauan Hub,8852,KAB. MAMUJU,Multi
Simboro Dan Kepulauan DC,Tikke Raya Hub,3013,KAB. MAMUJU UTARA,Multi
Simboro Dan Kepulauan DC,Tinambung Hub,5848,KAB. POLEWALI MANDAR,Multi
Simboro Dan Kepulauan DC,Tobadak Hub,2412,KAB. MAMUJU TENGAH,Multi
Simboro Dan Kepulauan DC,Topoyo Hub,3201,KAB. MAMUJU TENGAH,Multi
Simboro Dan Kepulauan DC,Wonomulyo Hub,7517,KAB. POLEWALI MANDAR,Multi
Sorong Utara DC,Sorong Utara Hub,2702,KOTA SORONG,Multi
Sungai Kakap DC,Galing 2 Hub,1005,KAB. SAMBAS,Multi
Sungai Kakap DC,Galing Hub,1953,KAB. SAMBAS,Multi
Sungai Kakap DC,MH 1 Sajingan Besar Hub,240,KAB. SAMBAS,Multi
Sungai Kakap DC,MH 1 Selakau Hub,71,KAB. SAMBAS,Multi
Sungai Kakap DC,MH Pemangkat Hub,975,KAB. SAMBAS,Multi
Sungai Kakap DC,MH Sambas Hub,1205,KAB. SAMBAS,Multi
Sungai Kakap DC,Mempawah Hub,5707,KAB. PONTIANAK,Multi
Sungai Kakap DC,Monterado Hub,2906,KAB. BENGKAYANG,Multi
Sungai Kakap DC,Pemangkat Hub,5769,KAB. SAMBAS,Multi
Sungai Kakap DC,Pontianak Barat Hub,8362,KOTA PONTIANAK,Multi
Sungai Kakap DC,Sajingan Besar Hub,938,KAB. SAMBAS,Multi
Sungai Kakap DC,Sambas Hub,7725,KAB. SAMBAS,Multi
Sungai Kakap DC,Sei Sungai Kakap Hub,2670,KAB. KUBU RAYA,Multi
Sungai Kakap DC,Sei Sungai Kunyit 2 Hub,631,KAB. PONTIANAK,Multi
Sungai Kakap DC,Sei Sungai Kunyit Hub,1641,KAB. PONTIANAK,Multi
Sungai Kakap DC,Selakau Hub,2804,KAB. SAMBAS,Multi
Sungai Kakap DC,Selakau Timur Hub,694,KAB. SAMBAS,Multi
Sungai Kakap DC,Singkawang Hub,9703,KOTA SINGKAWANG,Multi
Sungai Kakap DC,Singkawang Tengah Hub,6699,KOTA SINGKAWANG,Multi
Sungai Kakap DC,Singkawang Utara Hub,3374,KOTA SINGKAWANG,Multi
Sungai Kakap DC,Sungai Kakap Hub,3756,KAB. KUBU RAYA,Multi
Sungai Kakap DC,Sungai Raya Bengkayang Hub,2811,KAB. BENGKAYANG,Multi
Sungai Kakap DC,Sungai Raya Kepulauan Hub,1448,KAB. BENGKAYANG,Multi
Sungai Kakap DC,Sungai Rengas Hub,3055,KAB. KUBU RAYA,Multi
Sungai Kakap DC,Tebas 2 Hub,1440,KAB. SAMBAS,Multi
Sungai Kakap DC,Teluk Keramat Hub,3895,KAB. SAMBAS,Multi
Tamalanrea DC,Baolan Hub,28,KAB. TOLI-TOLI,Multi
Tamalanrea DC,Biringkanaya 2 Hub,0,KOTA MAKASSAR,Multi
Tamalanrea DC,Dayun Hub,0,KAB. SIAK,Multi
Tamalanrea DC,Hero Lange Lange Hub,0,KAB. BULUKUMBA,Multi
Tamalanrea DC,Lalabata Hub,0,KAB. SOPPENG,Multi
Tamalanrea DC,Palakka Hub,6,KAB. BONE,Multi
Tamalanrea DC,Soreang Parepare Hub,0,KOTA PAREPARE,Multi
Tamalanrea DC,Tanralili Hub,3,KAB. MAROS,Multi
Tanjung Redeb DC,Biduk-Biduk Hub,734,KAB. BERAU,Multi
Tanjung Redeb DC,Derawan Hub,1040,KAB. BERAU,Multi
Tanjung Redeb DC,MH 1 Tanjung Redeb Hub,1037,KAB. BERAU,Multi
Tanjung Redeb DC,MH 1 Tanjung Selor Hub,160,KAB. BULUNGAN (BULONGAN),Multi
Tanjung Redeb DC,MH 2 Talisayan Hub,924,KAB. BERAU,Multi
Tanjung Redeb DC,MH 3 Talisayan Hub,858,KAB. BERAU,Multi
Tanjung Redeb DC,Malinau Kota 2 Hub,1613,KAB. MALINAU,Multi
Tanjung Redeb DC,Malinau Kota Hub,3313,KAB. MALINAU,Multi
Tanjung Redeb DC,Talisayan Hub,2149,KAB. BERAU,Multi
Tanjung Redeb DC,Tanjung Palas Utara Hub,907,KAB. BULUNGAN (BULONGAN),Multi
Tanjung Redeb DC,Tanjung Redeb Hub,10061,KAB. BERAU,Multi
Tanjung Redeb DC,Tanjung Selor Hub,7098,KAB. BULUNGAN (BULONGAN),Multi
Tanjung Redeb DC,Teluk Bayur 2 Hub,6105,KAB. BERAU,Multi
Tanjung Redeb DC,Teluk Bayur Hub,2296,KAB. BERAU,Multi
Wolio DC,Barangka Hub,2584,KAB. MUNA BARAT,Multi
Wolio DC,Batauga Hub,946,KAB. BUTON SELATAN,Multi
Wolio DC,Lasalimu Selatan Hub,1019,KAB. BUTON,Multi
Wolio DC,Mawasangka Tengah Hub,2297,KAB. BUTON TENGAH,Multi
Wolio DC,Pasar Wajo Hub,3183,KAB. BUTON,Multi
Wolio DC,Tongkuno Hub,2806,KAB. MUNA,Multi
Wolio DC,Wangi-Wangi Selatan Hub,4748,KAB. WAKATOBI,Multi
Wolio DC,Wolio Hub,8010,KOTA BAU-BAU,Multi
Wua-Wua DC,Abeli Hub,1810,KOTA KENDARI,Multi
Wua-Wua DC,Andoolo Hub,2454,KAB. KONAWE SELATAN,Multi
Wua-Wua DC,Andowia Hub,2061,KAB. KONAWE UTARA,Multi
Wua-Wua DC,Kadia 2 Hub,1569,KOTA KENDARI,Multi
Wua-Wua DC,Kambu Hub,6048,KOTA KENDARI,Multi
Wua-Wua DC,Kendari Barat Hub,4302,KOTA KENDARI,Multi
Wua-Wua DC,Kendari Hub,2745,KOTA KENDARI,Multi
Wua-Wua DC,Kolaka Hub,7167,KAB. KOLAKA,Multi
Wua-Wua DC,Lasusua Hub,2222,KAB. KOLAKA UTARA,Multi
Wua-Wua DC,MH 1 Ngapa Hub,1140,KAB. KOLAKA UTARA,Multi
Wua-Wua DC,MH Andoolo Hub,1000,KAB. KONAWE SELATAN,Multi
Wua-Wua DC,MH Tirawuta 2 Hub,2961,KAB. KOLAKA TIMUR,Multi
Wua-Wua DC,Mandonga Hub,8483,KOTA KENDARI,Multi
Wua-Wua DC,Poasia Hub,5606,KOTA KENDARI,Multi
Wua-Wua DC,Pomalaa Hub,3069,KAB. KOLAKA,Multi
Wua-Wua DC,Ranomeeto Hub,3210,KAB. KONAWE SELATAN,Multi
Wua-Wua DC,Rumbia Hub,2918,KAB. BOMBANA,Multi
Wua-Wua DC,Tinanggea Hub,1725,KAB. KONAWE SELATAN,Multi
Wua-Wua DC,Tirawuta Hub,1353,KAB. KOLAKA TIMUR,Multi
Wua-Wua DC,Unaaha Hub,6181,KAB. KONAWE,Multi
Wua-Wua DC,Watubangga Hub,835,KAB. KOLAKA,Multi
Wua-Wua DC,Wawotobi Hub,1897,KAB. KONAWE,Multi
Wua-Wua DC,Wolo Hub,2886,KAB. KOLAKA,Multi
Wua-Wua DC,Wonggeduku Hub,1875,KAB. KONAWE,Multi
Wua-Wua DC,Wua-Wua Hub,10171,KOTA KENDARI,Multi
Abepura DC,Abepura 2 Hub,2898,KOTA JAYAPURA,Multi
Abepura DC,Cilandak 2 Hub,0,KOTA JAKARTA SELATAN,Multi
Abepura DC,Sentani Hub,1908,KAB. JAYAPURA,Multi
Baguala DC,Seram Utara Timur Seti Hub,1060,KAB. MALUKU TENGAH,Multi
Balikpapan DC,Barong Tongkok 2 Hub,1395,KAB. KUTAI BARAT,Multi
Balikpapan DC,Barong Tongkok Hub,6853,KAB. KUTAI BARAT,Multi
Balikpapan DC,Kaliorang Hub,2186,KAB. KUTAI TIMUR,Multi
Balikpapan DC,Kaubun 2 Hub,1568,KAB. KUTAI TIMUR,Multi
Balikpapan DC,Kaubun Hub,1048,KAB. KUTAI TIMUR,Multi
Balikpapan DC,Kongbeng Hub,2475,KAB. KUTAI TIMUR,Multi
Balikpapan DC,MH 1 Kongbeng 2 Hub,604,KAB. KUTAI TIMUR,Multi
Balikpapan DC,MH 1 Linggang Bigung Hub,655,KAB. KUTAI BARAT,Multi
Balikpapan DC,MH 1 Samarinda Utara Hub,1100,KOTA SAMARINDA,Multi
Balikpapan DC,MH 1 Sangatta Utara 2 Hub,906,KAB. KUTAI TIMUR,Multi
Balikpapan DC,MH 1 Sepaku 2 Hub,560,KAB. PENAJAM PASER UTARA,Multi
Balikpapan DC,MH 2 Bontang Hub,962,KOTA BONTANG,Multi
Balikpapan DC,MH Batu Sopang Hub,1287,KAB. PASER,Multi
Balikpapan DC,MH Bontang Hub,0,KAB. KUTAI KARTANEGARA,Multi
Balikpapan DC,MH Sangkulirang Hub,246,KAB. KUTAI TIMUR,Multi
Balikpapan DC,Marang Kayu Hub,2231,KAB. KUTAI KARTANEGARA,Multi
Balikpapan DC,Muara Lawa Hub,1005,KAB. KUTAI BARAT,Multi
Balikpapan DC,Sangkulirang Hub,2277,KAB. KUTAI TIMUR,Multi
Balikpapan DC,Sepaku Hub,3029,KAB. PENAJAM PASER UTARA,Multi
Balikpapan DC,Tanjung Redeb Hub,25,KAB. BERAU,Multi
Balikpapan DC,Tanjung Selor Hub,39,KAB. BULUNGAN (BULONGAN),Multi
Balikpapan DC,Teluk Bayur Hub,18,KAB. BERAU,Multi
Banjarbaru DC,Dusun Tengah Hub,3543,KAB. BARITO TIMUR,Multi
Banjarbaru DC,Gunung Bintang Awai Hub,1157,KAB. BARITO SELATAN,Multi
Banjarbaru DC,Karusen Janang Hub,446,KAB. BARITO TIMUR,Multi
Banjarbaru DC,Laung Tuhup Hub,1669,KAB. MURUNG RAYA,Multi
Banjarbaru DC,MH 2 Barabai Hub,631,KAB. HULU SUNGAI TENGAH,Multi
Banjarbaru DC,MH Dusun Selatan 3 Hub,390,KAB. BARITO SELATAN,Multi
Banjarbaru DC,Pematang Karau Hub,728,KAB. BARITO TIMUR,Multi
Banjarbaru DC,Sungai Pinang Kab. Banjar Hub,1790,KAB. BANJAR,Multi
Banjarbaru DC,Tanah Siang Selatan Hub,728,KAB. MURUNG RAYA,Multi
Banjarmasin 2 DC,Karang Bintang Hub,2316,KAB. TANAH BUMBU,Multi
Banjarmasin 2 DC,Kelumpang Hilir Hub,2815,KAB. KOTA BARU,Multi
Banjarmasin 2 DC,Kelumpang Hulu Hub,3215,KAB. KOTA BARU,Multi
Banjarmasin 2 DC,Kelumpang Selatan Hub,1357,KAB. KOTA BARU,Multi
Banjarmasin 2 DC,MH Kelumpang Hulu 2 Hub,1509,KAB. KOTA BARU,Multi
Banjarmasin 2 DC,MH Kelumpang Hulu 3 Hub,630,KAB. KOTA BARU,Multi
Banjarmasin 2 DC,MH Kelumpang Hulu 5 Hub,984,KAB. KOTA BARU,Multi
Banjarmasin 2 DC,MH Kelumpang Hulu 6 Hub,1456,KAB. KOTA BARU,Multi
Banjarmasin 2 DC,MH Kelumpang Hulu 8 Hub,1754,KAB. KOTA BARU,Multi
Banjarmasin 2 DC,MH Kelumpang Hulu Hub,1124,KAB. KOTA BARU,Multi
Banjarmasin 2 DC,MH Maliku Hub,1,KAB. PULANG PISAU,Multi
Banjarmasin 2 DC,MH Muara Teweh 3 Hub,594,KAB. BARITO UTARA,Multi
Banjarmasin 2 DC,MH Muara Teweh 5 Hub,428,KAB. BARITO UTARA,Multi
Banjarmasin 2 DC,MH Muara Teweh Hub,656,KAB. BARITO UTARA,Multi
Banjarmasin 2 DC,Palangka Raya Hub,0,KOTA PALANGKA RAYA,Multi
Banjarmasin 2 DC,Pamukan Barat Hub,1898,KAB. KOTA BARU,Multi
Banjarmasin 2 DC,Sampanahan Hub,1235,KAB. KOTA BARU,Multi
Banjarmasin 2 DC,Sebangau Hub,0,KOTA PALANGKA RAYA,Multi
Banjarmasin DC,MH 1 Pulau Laut Timur Hub,328,KAB. KOTA BARU,Multi
Banjarmasin DC,MH Selat 3 Hub,1903,KAB. KAPUAS,Multi
Banjarmasin DC,Pulau Laut Barat Hub,3177,KAB. KOTA BARU,Multi
Banjarmasin DC,Pulau Laut Timur Hub,1665,KAB. KOTA BARU,Multi
Dungingi DC,MH 1 Kabila Hub,2185,KAB. BONE BOLANGO,Multi
Dungingi DC,MH 2 Marisa Hub,952,KAB. POHUWATO,Multi
Dungingi DC,MH 3 Marisa Hub,359,KAB. POHUWATO,Multi
Dungingi DC,MH Tilamuta Hub,604,KAB. BOALEMO,Multi
Dungingi DC,Makassar 2 Hub,0,KOTA MAKASSAR,Multi
Jailolo DC,Tobelo Hub,980,KAB. HALMAHERA UTARA,Multi
Jailolo DC,Tobelo Selatan Hub,365,KAB. HALMAHERA UTARA,Multi
Kalawat DC,Airmadidi Hub,2169,KAB. MINAHASA UTARA,Multi
Kalawat DC,Dumoga Utara Hub,4403,KAB. BOLAANG MONGONDOW (BOLMONG),Multi
Kalawat DC,MH 1 Lolak Hub,516,KAB. BOLAANG MONGONDOW (BOLMONG),Multi
Kalawat DC,MH Amurang Barat 3 Hub,554,KAB. MINAHASA SELATAN,Multi
Kalawat DC,MH Amurang Barat Hub,1256,KAB. MINAHASA SELATAN,Multi
Kalawat DC,MH Dumoga Utara Hub,1675,KAB. BOLAANG MONGONDOW (BOLMONG),Multi
Kalawat DC,MH Kalawat Hub,0,KAB. MINAHASA UTARA,Multi
Kalawat DC,Manado Hub,4678,KOTA MANADO,Multi
Kalawat DC,Tarakan Barat Hub,0,KOTA TARAKAN,Multi
Ketapang Kalbar DC,Air Upas Hub,2753,KAB. KETAPANG,Multi
Ketapang Kalbar DC,Jelai Hulu 2 Hub,1355,KAB. KETAPANG,Multi
Ketapang Kalbar DC,Jelai Hulu Hub,1176,KAB. KETAPANG,Multi
Ketapang Kalbar DC,Kendawangan 2 Hub,561,KAB. KETAPANG,Multi
Ketapang Kalbar DC,MH 1 Simpang Hilir Hub,208,KAB. KAYONG UTARA,Multi
Ketapang Kalbar DC,MH 1 Singkup Hub,38,KAB. KETAPANG,Multi
Ketapang Kalbar DC,MH 1 Sungai Melayu Rayak Hub,196,KAB. KETAPANG,Multi
Ketapang Kalbar DC,MH 1 Tumbang Titi Hub,285,KAB. KETAPANG,Multi
Ketapang Kalbar DC,MH 2 Sungai Melayu Rayak Hub,192,KAB. KETAPANG,Multi
Ketapang Kalbar DC,MH 2 Teluk Batang Hub,129,KAB. KAYONG UTARA,Multi
Ketapang Kalbar DC,MH 4 Nanga Tayap Hub,35,KAB. KETAPANG,Multi
Ketapang Kalbar DC,MH Ketapang Kalbar Hub,888,KAB. KETAPANG,Multi
Ketapang Kalbar DC,Manis Mata Hub,2447,KAB. KETAPANG,Multi
Ketapang Kalbar DC,Marau Hub,465,KAB. KETAPANG,Multi
Ketapang Kalbar DC,Matan Hilir Selatan Hub,2400,KAB. KETAPANG,Multi
Ketapang Kalbar DC,Nanga Tayap 2 Hub,1151,KAB. KETAPANG,Multi
Ketapang Kalbar DC,Nanga Tayap Hub,1949,KAB. KETAPANG,Multi
Ketapang Kalbar DC,Pemahan Hub,482,KAB. KETAPANG,Multi
Ketapang Kalbar DC,Pulau Maya Hub,30,KAB. KAYONG UTARA,Multi
Ketapang Kalbar DC,Sandai 3 Hub,1327,KAB. KETAPANG,Multi
Ketapang Kalbar DC,Sandai Hub,2730,KAB. KETAPANG,Multi
Ketapang Kalbar DC,Seponti Hub,1371,KAB. KAYONG UTARA,Multi
Ketapang Kalbar DC,Simpang Dua Hub,657,KAB. KETAPANG,Multi
Ketapang Kalbar DC,Simpang Hilir Hub,2186,KAB. KAYONG UTARA,Multi
Ketapang Kalbar DC,Singkup Hub,2368,KAB. KETAPANG,Multi
Ketapang Kalbar DC,Sungai Melayu Rayak Hub,1651,KAB. KETAPANG,Multi
Ketapang Kalbar DC,Teluk Batang Hub,2203,KAB. KAYONG UTARA,Multi
Ketapang Kalbar DC,Tumbang Titi Hub,1466,KAB. KETAPANG,Multi
Makassar DC,Alla Hub,0,KAB. ENREKANG,Multi
Makassar DC,Benteng Hub,3931,KAB. SELAYAR (KEPULAUAN SELAYAR),Multi
Makassar DC,MH 1 Benteng Hub,662,KAB. SELAYAR (KEPULAUAN SELAYAR),Multi
Makassar DC,MH 1 Bontomarannu Hub,858,KAB. GOWA,Multi
Makassar DC,MH Tompobulu Hub,631,KAB. GOWA,Multi
Makassar DC,Pajukukang Hub,1380,KAB. BANTAENG,Multi
Makassar DC,Tompobulu Kab. Bantaeng Hub,2027,KAB. BANTAENG,Multi
Manokwari Barat DC,Bintuni Hub,221,KAB. TELUK BINTUNI,Multi
Manokwari Barat DC,Ransiki Hub,108,KAB. MANOKWARI SELATAN,Multi
Mantikulore DC,Bahodopi 2 Hub,7539,KAB. MOROWALI,Multi
Mantikulore DC,Biau Hub,4622,KAB. BUOL,Multi
Mantikulore DC,Bokat Hub,1381,KAB. BUOL,Multi
Mantikulore DC,Buko Selatan Hub,1270,KAB. BANGGAI KEPULAUAN,Multi
Mantikulore DC,Bunta Hub,2006,KAB. BANGGAI,Multi
Mantikulore DC,Lembo Hub,1673,KAB. MOROWALI UTARA,Multi
Mantikulore DC,Luwuk Hub,5559,KAB. BANGGAI,Multi
Mantikulore DC,MH 1 Bokat Hub,635,KAB. BUOL,Multi
Mantikulore DC,MH 1 Bolano Lambunu Hub,877,KAB. PARIGI MOUTONG,Multi
Mantikulore DC,MH 2 Mepanga Hub,1327,KAB. PARIGI MOUTONG,Multi
Mantikulore DC,MH 3 Mepanga Hub,434,KAB. PARIGI MOUTONG,Multi
Mantikulore DC,MH Baolan 4 Hub,0,KAB. TOLI-TOLI,Multi
Mantikulore DC,MH Biau 2 Hub,1018,KAB. BUOL,Multi
Mantikulore DC,MH Pagimana Hub,1410,KAB. BANGGAI,Multi
Mantikulore DC,MH Parigi 4 Hub,380,KAB. PARIGI MOUTONG,Multi
Mantikulore DC,MH Parigi 6 Hub,41,KAB. PARIGI MOUTONG,Multi
Mantikulore DC,MH Parigi Hub,0,KAB. PARIGI MOUTONG,Multi
Mantikulore DC,MH Petasia 3 Hub,465,KAB. MOROWALI UTARA,Multi
Mantikulore DC,Mori Atas Hub,1672,KAB. MOROWALI UTARA,Multi
Mantikulore DC,Nambo Hub,1031,KAB. BANGGAI,Multi
Mantikulore DC,Pagimana Hub,1587,KAB. BANGGAI,Multi
Mantikulore DC,Pamona Puselemba Hub,2634,KAB. POSO,Multi
Mantikulore DC,Pamona Selatan Hub,2232,KAB. POSO,Multi
Mantikulore DC,Toili 2 Hub,2755,KAB. BANGGAI,Multi
Mantikulore DC,Toili Hub,3005,KAB. BANGGAI,Multi
Maros DC,Angkona Hub,1530,KAB. LUWU TIMUR,Multi
Maros DC,Baebunta Hub,2106,KAB. LUWU UTARA,Multi
Maros DC,MH 1 Baebunta Hub,978,KAB. LUWU UTARA,Multi
Maros DC,MH 1 Duampanua Hub,1283,KAB. PINRANG,Multi
Maros DC,MH 1 Kahu Hub,266,KAB. BONE,Multi
Maros DC,MH 1 Tanete Riattang Hub,990,KAB. BONE,Multi
Maros DC,MH 1 Wara Hub,1641,KOTA PALOPO,Multi
Maros DC,MH 2 Libureng Hub,565,KAB. BONE,Multi
Maros DC,MH 2 Towuti Hub,83,KAB. LUWU TIMUR,Multi
Maros DC,MH 3 Rantepao Hub,267,KAB. TORAJA UTARA,Multi
Maros DC,MH 4 Rantepao Hub,120,KAB. TORAJA UTARA,Multi
Maros DC,MH Libureng Hub,774,KAB. BONE,Multi
Maros DC,MH Makale 4 Hub,532,KAB. TANA TORAJA,Multi
Maros DC,MH Makale Utara 2 Hub,556,KAB. TANA TORAJA,Multi
Maros DC,MH Makale Utara Hub,712,KAB. TANA TORAJA,Multi
Maros DC,MH Marang Hub,989,KAB. PANGKAJENE KEPULAUAN,Multi
Maros DC,MH Rantepao 2 Hub,423,KAB. TORAJA UTARA,Multi
Maros DC,MH Rantepao Hub,125,KAB. TORAJA UTARA,Multi
Maros DC,Malangke Hub,3365,KAB. LUWU UTARA,Multi
Maros DC,Mare Hub,2262,KAB. BONE,Multi
Maros DC,Nuha Hub,2459,KAB. LUWU TIMUR,Multi
Maros DC,Salomekko Hub,2727,KAB. BONE,Multi
Maros DC,Takkalalla Hub,1761,KAB. WAJO,Multi
Maros DC,Wara Utara Hub,6591,KOTA PALOPO,Multi
Merauke DC,MH Merauke Hub,216,KAB. MERAUKE,Multi
Merauke DC,Mandobo Hub,181,KAB. BOVEN DIGOEL,Multi
Palangka Raya DC,Balai Riam 2 Hub,104,KAB. SUKAMARA,Multi
Palangka Raya DC,Balai Riam Hub,2353,KAB. SUKAMARA,Multi
Palangka Raya DC,Bulik Hub,5045,KAB. LAMANDAU,Multi
Palangka Raya DC,Cempaga Hub,2099,KAB. KOTA WARINGIN TIMUR,Multi
Palangka Raya DC,Cempaga Hulu Hub,88,KAB. KOTA WARINGIN TIMUR,Multi
Palangka Raya DC,Katingan Hilir 2 Hub,3051,KAB. KATINGAN,Multi
Palangka Raya DC,Katingan Tengah Hub,2911,KAB. KATINGAN,Multi
Palangka Raya DC,Kota Besi Hub,1169,KAB. KOTA WARINGIN TIMUR,Multi
Palangka Raya DC,Kotawaringin Lama Hub,836,KAB. KOTA WARINGIN BARAT,Multi
Palangka Raya DC,MH 1 Baamang 2 Hub,767,KAB. SERUYAN,Multi
Palangka Raya DC,MH 1 Bukit Batu Kota Palangka Raya Hub,0,KOTA PALANGKA RAYA,Multi
Palangka Raya DC,MH 1 Cempaga Hulu Hub,2320,KAB. KOTA WARINGIN TIMUR,Multi
Palangka Raya DC,MH 1 Katingan Hilir 2 Hub,198,KAB. KATINGAN,Multi
Palangka Raya DC,MH 1 Mentawa Baru Hub,526,KAB. KOTA WARINGIN TIMUR,Multi
Palangka Raya DC,MH 2 Katingan Hilir 2 Hub,712,KAB. KATINGAN,Multi
Palangka Raya DC,MH 2 Katingan Tengah Hub,527,KAB. KATINGAN,Multi
Palangka Raya DC,MH 2 Kotawaringin Lama Hub,1054,KAB. KOTA WARINGIN BARAT,Multi
Palangka Raya DC,MH Bulik 2 Hub,605,KAB. SUKAMARA,Multi
Palangka Raya DC,MH Bulik Hub,0,KAB. LAMANDAU,Multi
Palangka Raya DC,MH Hanau Hub,595,KAB. SERUYAN,Multi
Palangka Raya DC,MH Jekan Raya Hub,450,KAB. PULANG PISAU,Multi
Palangka Raya DC,MH Kasongan 2 Hub,0,KAB. KATINGAN,Multi
Palangka Raya DC,MH Katingan Tengah Hub,392,KAB. KATINGAN,Multi
Palangka Raya DC,MH Khayan Hilir Hub,1675,KAB. PULANG PISAU,Multi
Palangka Raya DC,MH Parenggean 4 Hub,464,KAB. KOTA WARINGIN TIMUR,Multi
Palangka Raya DC,MH Sukamara 3 Hub,669,KAB. SUKAMARA,Multi
Palangka Raya DC,MH Sukamara 4 Hub,1028,KAB. SUKAMARA,Multi
Palangka Raya DC,Pangkalan Lada Hub,3742,KAB. KOTA WARINGIN BARAT,Multi
Palangka Raya DC,Rakumpit Hub,0,KOTA PALANGKA RAYA,Multi
Palangka Raya DC,Seruyan Hilir Timur Hub,945,KAB. SERUYAN,Multi
Palangka Raya DC,Teluk Sampit Hub,1055,KAB. KOTA WARINGIN TIMUR,Multi
Palangka Raya DC,Tewang Sanggalang Garing (Sangalang) Hub,928,KAB. KATINGAN,Multi
Palangka Raya DC,Timpah Hub,2689,KAB. KAPUAS,Multi
Pontianak 2 DC,Batu Ampar Hub,1957,KAB. KUBU RAYA,Multi
Pontianak 2 DC,Belimbing Hub,1606,KAB. MELAWI,Multi
Pontianak 2 DC,Kubu Hub,2090,KAB. KUBU RAYA,Multi
Pontianak 2 DC,MH 1 Dedai Hub,1170,KAB. SINTANG,Multi
Pontianak 2 DC,MH 1 Meliau 2 Hub,201,KAB. SANGGAU,Multi
Pontianak 2 DC,MH 1 Tanah Pinoh Hub,179,KAB. MELAWI,Multi
Pontianak 2 DC,MH Melawi 3 Hub,30,KAB. MELAWI,Multi
Pontianak 2 DC,MH Melawi Hub,21,KAB. MELAWI,Multi
Pontianak 2 DC,Meliau 2 Hub,896,KAB. SANGGAU,Multi
Pontianak 2 DC,Meliau 3 Hub,452,KAB. SANGGAU,Multi
Pontianak 2 DC,Menukung Hub,1350,KAB. MELAWI,Multi
Pontianak 2 DC,Selakau Timur Hub,0,KAB. SAMBAS,Multi
Pontianak 2 DC,Sepauk 3 Hub,798,KAB. SINTANG,Multi
Pontianak 2 DC,Simpang Hulu Hub,1491,KAB. KETAPANG,Multi
Pontianak 2 DC,Sungai Kakap Hub,2,KAB. KUBU RAYA,Multi
Pontianak 2 DC,Tempunak Hub,1150,KAB. SINTANG,Multi
Pontianak DC,Badau Hub,1355,KAB. KAPUAS HULU,Multi
Pontianak DC,Belitang Hilir Hub,1411,KAB. SEKADAU,Multi
Pontianak DC,Belitang Hub,1513,KAB. SEKADAU,Multi
Pontianak DC,Belitang Hulu Hub,827,KAB. SEKADAU,Multi
Pontianak DC,Benua Kayong Hub,0,KAB. KETAPANG,Multi
Pontianak DC,Binjai Hulu Hub,1010,KAB. SINTANG,Multi
Pontianak DC,Bunut Hulu Hub,1382,KAB. KAPUAS HULU,Multi
Pontianak DC,Empanang Hub,1086,KAB. KAPUAS HULU,Multi
Pontianak DC,Entikong Hub,1143,KAB. SANGGAU,Multi
Pontianak DC,Hulu Gurung Hub,1150,KAB. KAPUAS HULU,Multi
Pontianak DC,Jongkong (Jengkong) Hub,1196,KAB. KAPUAS HULU,Multi
Pontianak DC,Kalis Hub,443,KAB. KAPUAS HULU,Multi
Pontianak DC,Kendawangan 3 Hub,0,KAB. KETAPANG,Multi
Pontianak DC,MH 1 Mukok Hub,0,KAB. SANGGAU,Multi
Pontianak DC,MH 1 Peunaron Hub,0,KAB. ACEH TIMUR,Multi
Pontianak DC,MH 1 Putussibau Hub,0,KAB. KAPUAS HULU,Multi
Pontianak DC,MH 1 Sekadau Hilir 3 Hub,888,KAB. SEKADAU,Multi
Pontianak DC,MH 2 Hulu Gurung Hub,773,KAB. KAPUAS HULU,Multi
Pontianak DC,MH 2 Kuala Behe Hub,0,KAB. LANDAK,Multi
Pontianak DC,MH 2 Landak Hub,870,KAB. LANDAK,Multi
Pontianak DC,MH 2 Mempawah Hulu Hub,589,KAB. LANDAK,Multi
Pontianak DC,MH 2 Semitau Hub,322,KAB. KAPUAS HULU,Multi
Pontianak DC,MH 3 Putussibau Hub,169,KAB. KAPUAS HULU,Multi
Pontianak DC,MH Hulu Gurung Hub,897,KAB. KAPUAS HULU,Multi
Pontianak DC,MH Landak Hub,687,KAB. LANDAK,Multi
Pontianak DC,MH Parindu Hub,46,KAB. SANGGAU,Multi
Pontianak DC,MH Sanggau 3 Hub,135,KAB. SANGGAU,Multi
Pontianak DC,MH Sekadau Hilir 3 Hub,939,KAB. SEKADAU,Multi
Pontianak DC,MH Sekayam 2 Hub,0,KAB. SANGGAU,Multi
Pontianak DC,MH Sekayam 3 Hub,0,KAB. SANGGAU,Multi
Pontianak DC,MH Sekayam Hub,64,KAB. SANGGAU,Multi
Pontianak DC,MH Silat Hilir 2 Hub,716,KAB. KAPUAS HULU,Multi
Pontianak DC,MH Silat Hilir Hub,414,KAB. KAPUAS HULU,Multi
Pontianak DC,MH Tayan Hulu Hub,46,KAB. SANGGAU,Multi
Pontianak DC,Mentebah Hub,907,KAB. KAPUAS HULU,Multi
Pontianak DC,Nanga Taman Hub,1634,KAB. SEKADAU,Multi
Pontianak DC,Putussibau Hub,2067,KAB. KAPUAS HULU,Multi
Pontianak DC,Putussibau Utara Hub,441,KAB. KAPUAS HULU,Multi
Pontianak DC,Sekadau Hilir 3 Hub,897,KAB. SEKADAU,Multi
Pontianak DC,Semitau Hub,1027,KAB. KAPUAS HULU,Multi
Pontianak DC,Singkawang Tengah Hub,0,KOTA SINGKAWANG,Multi
Simboro Dan Kepulauan DC,MH 1 Aralle Hub,409,KAB. MAMASA,Multi
Simboro Dan Kepulauan DC,MH 1 Tinambung Hub,320,KAB. POLEWALI MANDAR,Multi
Simboro Dan Kepulauan DC,MH 1 Topoyo Hub,1312,KAB. MAMUJU TENGAH,Multi
Simboro Dan Kepulauan DC,MH 3 Topoyo Hub,826,KAB. MAMUJU TENGAH,Multi
Simboro Dan Kepulauan DC,MH Pasangkayu Hub,936,KAB. MAMUJU UTARA,Multi
Simboro Dan Kepulauan DC,MH Wonomulyo 4 Hub,439,KAB. POLEWALI MANDAR,Multi
Simboro Dan Kepulauan DC,Makassar 2 Hub,0,KOTA MAKASSAR,Multi
Simboro Dan Kepulauan DC,Pasangkayu Hub,4257,KAB. MAMUJU UTARA,Multi
Sungai Kakap DC,Jawai Hub,6490,KAB. SAMBAS,Multi
Sungai Kakap DC,MH Mempawah Hub,120,KAB. PONTIANAK,Multi
Sungai Kakap DC,MH Monterado Hub,987,KAB. BENGKAYANG,Multi
Sungai Kakap DC,Paloh Hub,2357,KAB. SAMBAS,Multi
Sungai Kakap DC,Sanggau Ledo Hub,2000,KAB. BENGKAYANG,Multi
Sungai Kakap DC,Sungai Pinyuh Hub,0,KAB. PONTIANAK,Multi
Sungai Kakap DC,Tangaran Hub,1683,KAB. SAMBAS,Multi
Sungai Kakap DC,Tebas Hub,3491,KAB. SAMBAS,Multi
Sungai Kakap DC,Teluk Keramat 2 Hub,1802,KAB. SAMBAS,Multi
Tamalanrea DC,Baras 2 Hub,4,KAB. MAMUJU UTARA,Multi
Tamalanrea DC,Bontonompo Selatan Hub,0,KAB. GOWA,Multi
Tamalanrea DC,Duampanua Hub,0,KAB. PINRANG,Multi
Tamalanrea DC,MH 2 Bungku Tengah Hub,0,KAB. MOROWALI,Multi
Tamalanrea DC,Makassar Hub,3,KOTA MAKASSAR,Multi
Tamalanrea DC,Mimika Baru Hub,84,KAB. MIMIKA,Multi
Tamalanrea DC,Palu Timur Hub,19,KOTA PALU,Multi
Tamalanrea DC,Panca Rijang Hub,0,KAB. SIDENRENG RAPPANG/RAPANG,Multi
Tamalanrea DC,Pitumpanua Hub,6,KAB. WAJO,Multi
Tamalanrea DC,Simboro Dan Kepulauan Hub,15,KAB. MAMUJU,Multi
Tamalanrea DC,Sukamaju Hub,3,KAB. LUWU UTARA,Multi
Tamalanrea DC,Ternate Hub,146,KOTA TERNATE,Multi
Tamalanrea DC,Ternate Selatan 2 Hub,59,KOTA TERNATE,Multi
Tamalanrea DC,Ternate Selatan Hub,84,KOTA TERNATE,Multi
Tamalanrea DC,Ternate Utara Hub,161,KOTA TERNATE,Multi
Tamalanrea DC,Turikale Hub,9,KAB. MAROS,Multi
Tamalanrea DC,Wonomulyo Hub,0,KAB. POLEWALI MANDAR,Multi
Tanjung Redeb DC,MH 1 Sebuku Hub,455,KAB. NUNUKAN,Multi
Tanjung Redeb DC,MH 4 Tanjung Redeb Hub,850,KAB. BERAU,Multi
Tanjung Redeb DC,Nunukan Hub,4260,KAB. NUNUKAN,Multi
Tanjung Redeb DC,Sambaliung Hub,2858,KAB. BERAU,Multi
Tanjung Redeb DC,Sebuku Hub,2975,KAB. NUNUKAN,Multi
Tanjung Redeb DC,Sesayap Hub,1408,KAB. TANA TIDUNG,Multi
Wolio DC,Kulisusu Hub,2326,KAB. BUTON UTARA,Multi
Wolio DC,MH 1 Lasalimu Selatan Hub,733,KAB. BUTON,Multi
Wolio DC,MH 2 Mawasangka Tengah Hub,924,KAB. BUTON TENGAH,Multi
Wolio DC,MH Kulisusu 3 Hub,1082,KAB. BUTON UTARA,Multi
Wolio DC,MH Mawasangka Tengah Hub,1296,KAB. BUTON TENGAH,Multi
Wolio DC,MH Pasar Wajo 2 Hub,730,KAB. BUTON,Multi
Wolio DC,MH Wangi-Wangi Selatan 2 Hub,804,KAB. WAKATOBI,Multi
Wolio DC,MH Wangi-Wangi Selatan 3 Hub,0,KAB. WAKATOBI,Multi
Wua-Wua DC,Kolono Hub,893,KAB. KONAWE SELATAN,Multi
Wua-Wua DC,MH 1 Poleang Hub,1718,KAB. BOMBANA,Multi
Wua-Wua DC,MH Andoolo 2 Hub,912,KAB. KONAWE SELATAN,Multi
Wua-Wua DC,MH Andoolo 4 Hub,1120,KAB. KONAWE SELATAN,Multi
Wua-Wua DC,MH Andowia Hub,521,KAB. KONAWE UTARA,Multi
Wua-Wua DC,MH Lasusua 3 Hub,840,KAB. KOLAKA UTARA,Multi
Wua-Wua DC,MH Tirawuta Hub,859,KAB. KOLAKA TIMUR,Multi
Wua-Wua DC,Moramo Hub,922,KAB. KONAWE SELATAN,Multi
Wua-Wua DC,Ngapa Hub,2131,KAB. KOLAKA UTARA,Multi
Wua-Wua DC,Poleang Hub,1820,KAB. BOMBANA,Multi
Abepura DC,Arso 2 Hub,195,KAB. KEEROM,Multi
Abepura DC,Arso Hub,297,KAB. KEEROM,Multi
Balikpapan DC,Derawan Hub,12,KAB. BERAU,Multi
Balikpapan DC,MH 2 Kongbeng Hub,570,KAB. KUTAI TIMUR,Multi
Balikpapan DC,MH Batu Sopang 2 Hub,11,KAB. PASER,Multi
Balikpapan DC,Malinau Kota Hub,12,KAB. MALINAU,Multi
Balikpapan DC,Sambaliung Hub,26,KAB. BERAU,Multi
Balikpapan DC,Teluk Bayur 2 Hub,20,KAB. BERAU,Multi
Banjarbaru DC,MH Dusun Selatan 2 Hub,0,KAB. BARITO SELATAN,Multi
Banjarmasin 2 DC,Baamang Hub,6,KAB. KOTA WARINGIN TIMUR,Multi
Banjarmasin 2 DC,Balikpapan Hub,4,KOTA BALIKPAPAN,Multi
Banjarmasin 2 DC,Balikpapan Timur Hub,6,KOTA BALIKPAPAN,Multi
Banjarmasin 2 DC,Balikpapan Utara Hub,9,KOTA BALIKPAPAN,Multi
Banjarmasin 2 DC,Banjarbaru Utara 2 Hub,2,KOTA BANJARBARU,Multi
Banjarmasin 2 DC,Biduk-Biduk Hub,2,KAB. BERAU,Multi
Banjarmasin 2 DC,Dusun Tengah Hub,2,KAB. BARITO TIMUR,Multi
Banjarmasin 2 DC,Jekan Raya Hub,9,KOTA PALANGKA RAYA,Multi
Banjarmasin 2 DC,Khayan Hilir Hub,4,KAB. PULANG PISAU,Multi
Banjarmasin 2 DC,Kumai Hub,45,KAB. KOTA WARINGIN BARAT,Multi
Banjarmasin 2 DC,MH 1 Teweh Selatan Hub,390,KAB. BARITO UTARA,Multi
Banjarmasin 2 DC,MH Muara Teweh 2 Hub,336,KAB. BARITO UTARA,Multi
Banjarmasin 2 DC,MH Muara Teweh 4 Hub,356,KAB. BARITO UTARA,Multi
Banjarmasin 2 DC,Mentaya Hilir Selatan Hub,6,KAB. KOTA WARINGIN TIMUR,Multi
Banjarmasin 2 DC,Pahandut 3 Hub,12,KOTA PALANGKA RAYA,Multi
Banjarmasin 2 DC,Pahandut Hub,6,KOTA PALANGKA RAYA,Multi
Banjarmasin 2 DC,Pangkalan Banteng Hub,3,KAB. KOTA WARINGIN BARAT,Multi
Banjarmasin 2 DC,Pangkalan Lada Hub,2,KAB. KOTA WARINGIN BARAT,Multi
Banjarmasin 2 DC,Penajam Hub,3,KAB. PENAJAM PASER UTARA,Multi
Banjarmasin DC,Cidahu Hub,2,KAB. KUNINGAN,Multi
Dungingi DC,MH 1 Tabongo Hub,1288,KAB. GORONTALO,Multi
Jailolo DC,Kota Maba Hub,357,KAB. HALMAHERA TIMUR,Multi
Jailolo DC,MH Tobelo Hub,0,KAB. HALMAHERA UTARA,Multi
Jailolo DC,Weda Tengah Hub,450,KAB. HALMAHERA TENGAH,Multi
Kalawat DC,MH 2 Lolak Hub,1670,KAB. BOLAANG MONGONDOW (BOLMONG),Multi
Kalawat DC,MH 4 Amurang Barat Hub,470,KAB. MINAHASA SELATAN,Multi
Ketapang Kalbar DC,MH 1 Manis Mata Hub,3,KAB. KETAPANG,Multi
Ketapang Kalbar DC,MH 2 Manis Mata Hub,158,KAB. KETAPANG,Multi
Ketapang Kalbar DC,MH 6 Sandai Hub,67,KAB. KETAPANG,Multi
Ketapang Kalbar DC,MH 7 Sandai Hub,176,KAB. KETAPANG,Multi
Ketapang Kalbar DC,MH Matan Hilir Selatan Hub,87,KAB. KETAPANG,Multi
Ketapang Kalbar DC,MH Sandai 3 Hub,0,KAB. KETAPANG,Multi
Ketapang Kalbar DC,MH Sandai 4 Hub,0,KAB. KETAPANG,Multi
Ketapang Kalbar DC,MH Sandai 5 Hub,99,KAB. KETAPANG,Multi
Ketapang Kalbar DC,Sungai Laur Hub,1073,KAB. KETAPANG,Multi
Makassar DC,MH 2 Sungguminasa Hub,0,KAB. GOWA,Multi
Makassar DC,Somba Opu Hub,3,KOTA MAKASSAR,Multi
Mantikulore DC,Banggai Hub,4730,KAB. BANGGAI LAUT,Multi
Mantikulore DC,MH 1 Bunta Hub,552,KAB. BANGGAI,Multi
Mantikulore DC,MH 1 Dondo Hub,671,KAB. TOLI-TOLI,Multi
Mantikulore DC,MH 1 Mepanga Hub,547,KAB. PARIGI MOUTONG,Multi
Mantikulore DC,MH 2 Bokat Hub,1269,KAB. BUOL,Multi
Mantikulore DC,MH 2 Bungku Tengah Hub,930,KAB. MOROWALI,Multi
Mantikulore DC,MH Biau 4 Hub,0,KAB. BUOL,Multi
Mantikulore DC,MH Luwuk 2 Hub,1258,KAB. BANGGAI,Multi
Mantikulore DC,MH Luwuk Hub,940,KAB. BANGGAI,Multi
Mantikulore DC,MH Poso Kota Hub,16,KAB. POSO,Multi
Maros DC,MH 1 Alla Hub,600,KAB. ENREKANG,Multi
Maros DC,MH Walenrang 2 Hub,0,KAB. LUWU,Multi
Palangka Raya DC,MH Bulik 4 Hub,288,KAB. LAMANDAU,Multi
Pontianak 2 DC,MH 1 Batu Ampar 2 Hub,345,KAB. KUBU RAYA,Multi
Pontianak 2 DC,MH 1 Kelam Permai Hub,0,KAB. SINTANG,Multi
Pontianak 2 DC,MH 2 Tayan Hilir Hub,366,KAB. SANGGAU,Multi
Pontianak 2 DC,Sei Sungai Kakap Hub,2,KAB. KUBU RAYA,Multi
Pontianak 2 DC,Selakau Hub,4,KAB. SAMBAS,Multi
Pontianak 2 DC,Singkawang Tengah Hub,2,KOTA SINGKAWANG,Multi
Pontianak 2 DC,Sungai Raya Bengkayang Hub,4,KAB. BENGKAYANG,Multi
Pontianak 2 DC,Sungai Rengas Hub,6,KAB. KUBU RAYA,Multi
Pontianak 2 DC,Teluk Keramat Hub,4,KAB. SAMBAS,Multi
Pontianak DC,Bengkayang Hub,1,KAB. BENGKAYANG,Multi
Pontianak DC,MH 1 Balai Hub,22,KAB. SANGGAU,Multi
Pontianak DC,MH 1 Tumbang Titi Hub,1,KAB. KETAPANG,Multi
Pontianak DC,Paloh Hub,2,KAB. SAMBAS,Multi
Pontianak DC,Sambas Hub,6,KAB. SAMBAS,Multi
Pontianak DC,Sanggau Ledo Hub,1,KAB. BENGKAYANG,Multi
Pontianak DC,Selakau Hub,4,KAB. SAMBAS,Multi
Pontianak DC,Singkawang Hub,3,KOTA SINGKAWANG,Multi
Pontianak DC,Sungai Laur Hub,2,KAB. KETAPANG,Multi
Pontianak DC,Tebas 2 Hub,2,KAB. SAMBAS,Multi
Simboro Dan Kepulauan DC,MH Mamasa 2 Hub,0,KAB. MAMASA,Multi
Sorong Utara DC,Teminabuan Hub,108,KAB. SORONG SELATAN,Multi
Sungai Kakap DC,Bengkayang Hub,136,KAB. BENGKAYANG,Multi
Sungai Kakap DC,Long Ikis Hub,2,KAB. PASER,Multi
Sungai Kakap DC,MH 1 Paloh Hub,142,KAB. SAMBAS,Multi
Sungai Kakap DC,MH Bengkayang Hub,177,KAB. BENGKAYANG,Multi
Sungai Kakap DC,MH Sanggau Ledo 2 Hub,660,KAB. BENGKAYANG,Multi
Sungai Kakap DC,MH Singkawang Hub,55,KOTA SINGKAWANG,Multi
Tamalanrea DC,Alla Hub,0,KAB. ENREKANG,Multi
Tamalanrea DC,Ampana Kota Hub,24,KAB. TOJO UNA-UNA,Multi
Tamalanrea DC,Ampenan Hub,0,KOTA MATARAM,Multi
Tamalanrea DC,Aralle Hub,2,KAB. MAMASA,Multi
Tamalanrea DC,Awangpone Hub,3,KAB. BONE,Multi
Tamalanrea DC,Bacukiki Barat Hub,0,KOTA PAREPARE,Multi
Tamalanrea DC,Bahodopi 3 Hub,3,KAB. MOROWALI,Multi
Tamalanrea DC,Bahodopi 4 Hub,12,KAB. MOROWALI,Multi
Tamalanrea DC,Bahodopi Hub,28,KAB. MOROWALI,Multi
Tamalanrea DC,Banawa Hub,14,KAB. DONGGALA,Multi
Tamalanrea DC,Banggae Timur Hub,12,KAB. MAJENE,Multi
Tamalanrea DC,Barru Hub,0,KAB. BARRU,Multi
Tamalanrea DC,Belopa Hub,0,KAB. LUWU,Multi
Tamalanrea DC,Binamu Hub,0,KAB. JENEPONTO,Multi
Tamalanrea DC,Kahu Hub,0,KAB. BONE,Multi
Tamalanrea DC,Klari Hub,0,KAB. KARAWANG,Multi
Tamalanrea DC,Libureng Hub,0,KAB. BONE,Multi
Tamalanrea DC,MH 1 Mantikulore Hub,2,KOTA PALU,Multi
Tamalanrea DC,Makale Utara Hub,0,KAB. TANA TORAJA,Multi
Tamalanrea DC,Makassar 2 Hub,3,KOTA MAKASSAR,Multi
Tamalanrea DC,Mantikulore Hub,24,KOTA PALU,Multi
Tamalanrea DC,Mario Riwawo Hub,0,KAB. SOPPENG,Multi
Tamalanrea DC,Pagimana Hub,4,KAB. BANGGAI,Multi
Tamalanrea DC,Palu Selatan Hub,36,KOTA PALU,Multi
Tamalanrea DC,Pangkajene Hub,6,KAB. PANGKAJENE KEPULAUAN,Multi
Tamalanrea DC,Petasia Hub,6,KAB. MOROWALI UTARA,Multi
Tamalanrea DC,Poasia Hub,3,KOTA KENDARI,Multi
Tamalanrea DC,Polewali Hub,9,KAB. POLEWALI MANDAR,Multi
Tamalanrea DC,Pomalaa Hub,0,KAB. KOLAKA,Multi
Tamalanrea DC,Poso Kota Hub,16,KAB. POSO,Multi
Tamalanrea DC,Salomekko Hub,0,KAB. BONE,Multi
Tamalanrea DC,Sarudu Hub,0,KAB. MAMUJU UTARA,Multi
Tamalanrea DC,Sendana Hub,2,KAB. MAJENE,Multi
Tamalanrea DC,Tinambung Hub,0,KAB. POLEWALI MANDAR,Multi
Tamalanrea DC,Unaaha Hub,8,KAB. KONAWE,Multi
Tamalanrea DC,Wonggeduku Hub,3,KAB. KONAWE,Multi
Tanjung Redeb DC,Sebatik Hub,1426,KAB. NUNUKAN,Multi
Wolio DC,BATALAIWARU (BATALAIWORU) Hub,5597,KAB. MUNA,Multi
Wolio DC,MH Wangi-Wangi Selatan 1 Hub,1122,KAB. WAKATOBI,Multi
Wua-Wua DC,Pondok Suguh Hub,0,KAB. MUKO MUKO,Multi
Abepura DC,Sarmi Hub,197,KAB. SARMI,Multi
Balikpapan DC,Biduk-Biduk Hub,6,KAB. BERAU,Multi
Balikpapan DC,MH 1 Sekolaq Darat Hub,330,KAB. KUTAI BARAT,Multi
Balikpapan DC,MH 4 Tanjung Redeb Hub,0,KAB. BERAU,Multi
Balikpapan DC,Malinau Kota 2 Hub,2,KAB. MALINAU,Multi
Balikpapan DC,Talisayan Hub,5,KAB. BERAU,Multi
Balikpapan DC,Trucuk Hub,0,KAB. KLATEN,Multi
Banjarmasin 2 DC,Arut Selatan Hub,2,KAB. KOTA WARINGIN BARAT,Multi
Banjarmasin 2 DC,Balikpapan Barat Hub,0,KOTA BALIKPAPAN,Multi
Banjarmasin 2 DC,Bulik Hub,0,KAB. LAMANDAU,Multi
Banjarmasin 2 DC,Karang Tengah Hub,0,KOTA TANGERANG,Multi
Banjarmasin 2 DC,Kasongan Hub,0,KAB. KATINGAN,Multi
Banjarmasin 2 DC,Kotawaringin Lama 2 Hub,0,KAB. KOTA WARINGIN BARAT,Multi
Banjarmasin 2 DC,Kotawaringin Lama Hub,0,KAB. KOTA WARINGIN BARAT,Multi
Banjarmasin 2 DC,Kurun 3 Hub,0,KAB. GUNUNG MAS,Multi
Banjarmasin 2 DC,Maliku Hub,0,KAB. PULANG PISAU,Multi
Banjarmasin 2 DC,Mentawa Baru Hub,15,KAB. KOTA WARINGIN TIMUR,Multi
Banjarmasin 2 DC,Mentaya Hilir Utara Hub,0,KAB. KOTA WARINGIN TIMUR,Multi
Banjarmasin 2 DC,Nengah Bulik Hub,2,KAB. LAMANDAU,Multi
Banjarmasin 2 DC,Sukamara Hub,0,KAB. SUKAMARA,Multi
Dungingi DC,MH Kwandang 2 Hub,0,KAB. GORONTALO UTARA,Multi
Kalawat DC,MH 2 Matuari Hub,75,KOTA BITUNG,Multi
Kalawat DC,MH Tutuyan 2 Hub,303,KAB. BOLAANG MONGONDOW TIMUR,Multi
Makassar DC,Sukamaju Hub,3,KAB. LUWU UTARA,Multi
Makassar DC,Tanralili Hub,6,KAB. MAROS,Multi
Mantikulore DC,MH 1 Toili Hub,2321,KAB. BANGGAI,Multi
Mantikulore DC,MH Tinakung 2 Hub,1044,KAB. BANGGAI KEPULAUAN,Multi
Mantikulore DC,MH Tinakung 3 Hub,1859,KAB. BANGGAI KEPULAUAN,Multi
Mantikulore DC,MH Tinakung 4 Hub,1239,KAB. BANGGAI KEPULAUAN,Multi
Maros DC,Bontonompo Selatan Hub,3,KAB. GOWA,Multi
Maros DC,MH 1 Enrekang Hub,371,KAB. ENREKANG,Multi
Maros DC,Mamajang Hub,3,KOTA MAKASSAR,Multi
Maros DC,Sungguminasa Hub,2,KAB. GOWA,Multi
Palangka Raya DC,MH 1 Mentaya Hulu Hub,46,KAB. KOTA WARINGIN TIMUR,Multi
Pontianak 2 DC,MH 1 Belimbing Hub,228,KAB. MELAWI,Multi
Pontianak 2 DC,MH 1 Sepauk Hub,99,KAB. SINTANG,Multi
Pontianak 2 DC,Sambas Hub,0,KAB. SAMBAS,Multi
Pontianak DC,MH 1 Kuala Behe Hub,447,KAB. LANDAK,Multi
Pontianak DC,MH 1 Toho Hub,269,KAB. PONTIANAK,Multi
Pontianak DC,MH Sekadau Hilir 4 Hub,0,KAB. SEKADAU,Multi
Pontianak DC,MH Sekadau Hilir Hub,3,KAB. SEKADAU,Multi
Pontianak DC,Selimbau Hub,0,KAB. KAPUAS HULU,Multi
Pontianak DC,Tangaran Hub,0,KAB. SAMBAS,Multi
Pontianak DC,Tempunak Hub,0,KAB. SINTANG,Multi
Simboro Dan Kepulauan DC,MH 2 Aralle Hub,208,KAB. MAMASA,Multi
Tamalanrea DC,Abeli Hub,3,KOTA KENDARI,Multi
Tamalanrea DC,Ampibabo Hub,12,KAB. PARIGI MOUTONG,Multi
Tamalanrea DC,Andoolo Hub,6,KAB. KONAWE SELATAN,Multi
Tamalanrea DC,Andowia Hub,3,KAB. KONAWE UTARA,Multi
Tamalanrea DC,Bahodopi 2 Hub,28,KAB. MOROWALI,Multi
Tamalanrea DC,Bahodopi 5 Hub,20,KAB. MOROWALI,Multi
Tamalanrea DC,Bara Hub,3,KOTA PALOPO,Multi
Tamalanrea DC,Batui Hub,3,KAB. BANGGAI,Multi
Tamalanrea DC,Biau Hub,3,KAB. BUOL,Multi
Tamalanrea DC,Bokat Hub,6,KAB. BUOL,Multi
Tamalanrea DC,Bolano Lambunu Hub,12,KAB. PARIGI MOUTONG,Multi
Tamalanrea DC,Bonto Bahari Hub,3,KAB. BULUKUMBA,Multi
Tamalanrea DC,Bungku Barat Hub,6,KAB. MOROWALI,Multi
Tamalanrea DC,Bungku Tengah Hub,18,KAB. MOROWALI,Multi
Tamalanrea DC,Bunta Hub,12,KAB. BANGGAI,Multi
Tamalanrea DC,Dondo Hub,8,KAB. TOLI-TOLI,Multi
Tamalanrea DC,Gumbasa Hub,4,KAB. SIGI,Multi
Tamalanrea DC,Kambu Hub,6,KOTA KENDARI,Multi
Tamalanrea DC,Kendari Barat Hub,12,KOTA KENDARI,Multi
Tamalanrea DC,Lasusua Hub,6,KAB. KOLAKA UTARA,Multi
Tamalanrea DC,Lilir Rilau Hub,6,KAB. SOPPENG,Multi
Tamalanrea DC,Luwuk Hub,15,KAB. BANGGAI,Multi
Tamalanrea DC,MH 3 Sigi Biromaru Hub,2,KAB. SIGI,Multi
Tamalanrea DC,Mandonga Hub,4,KOTA KENDARI,Multi
Tamalanrea DC,Negara Hub,6,KAB. JEMBRANA,Multi
Tamalanrea DC,Palu Hub,20,KOTA PALU,Multi
Tamalanrea DC,Parigi Hub,8,KAB. PARIGI MOUTONG,Multi
Tamalanrea DC,Petasia Timur Hub,9,KAB. MOROWALI UTARA,Multi
Tamalanrea DC,Pitu Riase Hub,2,KAB. SIDENRENG RAPPANG/RAPANG,Multi
Tamalanrea DC,Ponrang Hub,3,KAB. LUWU,Multi
Tamalanrea DC,Ranomeeto Hub,10,KAB. KONAWE SELATAN,Multi
Tamalanrea DC,Sigi Biromaru Hub,16,KAB. SIGI,Multi
Tamalanrea DC,Tabanan Hub,2,KAB. TABANAN,Multi
Tamalanrea DC,Tamalanrea Hub,12,KOTA MAKASSAR,Multi
Tamalanrea DC,Tamalatea Hub,3,KAB. JENEPONTO,Multi
Tamalanrea DC,Tempe Hub,8,KAB. WAJO,Multi
Tamalanrea DC,Tinggimoncong Hub,3,KAB. GOWA,Multi
Tamalanrea DC,Tirawuta Hub,4,KAB. KOLAKA TIMUR,Multi
Tamalanrea DC,Tobadak Hub,4,KAB. MAMUJU TENGAH,Multi
Tamalanrea DC,Toili Hub,12,KAB. BANGGAI,Multi
Tamalanrea DC,Tomoni Hub,4,KAB. LUWU TIMUR,Multi
Tamalanrea DC,Ulujadi Hub,6,KOTA PALU,Multi
Tamalanrea DC,Wajo Hub,6,KOTA MAKASSAR,Multi
Tamalanrea DC,Watang Sawitto Hub,20,KAB. PINRANG,Multi
Tamalanrea DC,Wita Ponda Hub,3,KAB. MOROWALI,Multi
Tamalanrea DC,Wua-Wua Hub,6,KOTA KENDARI,Multi
Tanjung Redeb DC,MH 1 Teluk Bayur Hub,353,KAB. BERAU,Multi
Balikpapan DC,MH 1 Tanjung Selor Hub,6,KAB. BULUNGAN (BULONGAN),Multi
Balikpapan DC,Sebuku Hub,6,KAB. NUNUKAN,Multi
Balikpapan DC,Sesayap Hub,4,KAB. TANA TIDUNG,Multi
Banjarbaru DC,Banjarmasin Barat Hub,2,KOTA BANJARMASIN,Multi
Banjarbaru DC,Marabahan Hub,2,KAB. BARITO KUALA,Multi
Banjarbaru DC,Tambakboyo Hub,2,KAB. TUBAN,Multi
Banjarmasin 2 DC,Balikpapan Kota Hub,3,KOTA BALIKPAPAN,Multi
Banjarmasin 2 DC,Barabai Hub,2,KAB. HULU SUNGAI TENGAH,Multi
Banjarmasin 2 DC,MH 1 Cempaga Hulu Hub,4,KAB. KOTA WARINGIN TIMUR,Multi
Banjarmasin 2 DC,MH Kelumpang Hulu 7 Hub,0,KAB. KOTA BARU,Multi
Banjarmasin 2 DC,Tambakboyo Hub,2,KAB. TUBAN,Multi
Banjarmasin 2 DC,Telawang Hub,3,KAB. KOTA WARINGIN TIMUR,Multi
Banjarmasin 2 DC,Tenggarong Hub,2,KAB. KUTAI KARTANEGARA,Multi
Banjarmasin 2 DC,Timpah Hub,2,KAB. KAPUAS,Multi
Dungingi DC,Tarakan Barat Hub,8,KOTA TARAKAN,Multi
Maros DC,Sinjai Timur Hub,3,KAB. SINJAI,Multi
Palangka Raya DC,Arut Selatan 3 Hub,5418,KAB. KOTA WARINGIN BARAT,Multi
Palangka Raya DC,Bantimurung Hub,3,KAB. MAROS,Multi
Pontianak DC,Cengkareng 3 Hub,2,KOTA JAKARTA BARAT,Multi
Pontianak DC,Kubu Raya 2 Hub,1,KAB. KUBU RAYA,Multi
Pontianak DC,MH Badau 2 Hub,0,KAB. KAPUAS HULU,Multi
Pontianak DC,MH Bunut Hulu 2 Hub,182,KAB. KAPUAS HULU,Multi
Pontianak DC,Mentawa Baru Hub,3,KAB. KOTA WARINGIN TIMUR,Multi
Pontianak DC,Pontianak Hub,6,KOTA PONTIANAK,Multi
Pontianak DC,Sungai Raya Bengkayang Hub,2,KAB. BENGKAYANG,Multi
Pontianak DC,Tebas Hub,4,KAB. SAMBAS,Multi
Tamalanrea DC,Balikpapan Kota Hub,3,KOTA BALIKPAPAN,Multi
Tamalanrea DC,Banggai Hub,8,KAB. BANGGAI LAUT,Multi
Tamalanrea DC,Bengo Hub,3,KAB. BONE,Multi
Tamalanrea DC,Bintauna Hub,3,KAB. BOLAANG MONGONDOW UTARA,Multi
Tamalanrea DC,Bontomarannu Hub,3,KAB. GOWA,Multi
Tamalanrea DC,Buko Selatan Hub,3,KAB. BANGGAI KEPULAUAN,Multi
Tamalanrea DC,Kolaka Hub,8,KAB. KOLAKA,Multi
Tamalanrea DC,Lembo Hub,2,KAB. MOROWALI UTARA,Multi
Tamalanrea DC,MH Pasangkayu Hub,72,KAB. MAMUJU UTARA,Multi
Tamalanrea DC,Makale Hub,4,KAB. TANA TORAJA,Multi
Tamalanrea DC,Manggala Hub,3,KOTA MAKASSAR,Multi
Tamalanrea DC,Maritengngae Hub,3,KAB. SIDENRENG RAPPANG/RAPANG,Multi
Tamalanrea DC,Mepanga Hub,6,KAB. PARIGI MOUTONG,Multi
Tamalanrea DC,Pamona Puselemba Hub,6,KAB. POSO,Multi
Tamalanrea DC,Polombangkeng Utara (Polobangkeng) Hub,3,KAB. TAKALAR,Multi
Tamalanrea DC,Samarinda Utara Hub,2,KOTA SAMARINDA,Multi
Tamalanrea DC,Sungguminasa Hub,2,KAB. GOWA,Multi
Tamalanrea DC,Tanete Riattang Timur Hub,3,KAB. BONE,Multi
Tanjung Redeb DC,MH Nunukan 2 Hub,1242,KAB. NUNUKAN,Multi
Wolio DC,MH BATALAIWARU (BATALAIWORU) 2 Hub,49,KAB. MUNA,Multi
Wolio DC,MH Kulisusu 2 Hub,377,KAB. BUTON UTARA,Multi
Wolio DC,MH Pasar Wajo Hub,576,KAB. BUTON,Multi
Baguala DC,MH Kota Masohi 2 Hub,112,KAB. SERAM BAGIAN BARAT,Multi
Balikpapan DC,Gunung Putri Hub,0,KAB. BOGOR,Multi
Balikpapan DC,Sebatik Hub,4,KAB. NUNUKAN,Multi
Balikpapan DC,Tanjung Palas Utara Hub,3,KAB. BULUNGAN (BULONGAN),Multi
Banjarmasin 2 DC,Bontang Hub,0,KOTA BONTANG,Multi
Banjarmasin 2 DC,Gambut Hub,0,KAB. BANJAR,Multi
Banjarmasin 2 DC,MH 2 Kotawaringin Lama Hub,0,KAB. KOTA WARINGIN BARAT,Multi
Banjarmasin 2 DC,Telaga Antang Hub,2,KAB. KOTA WARINGIN TIMUR,Multi
Banjarmasin DC,Simpang Empat Banjar Hub,0,KAB. BANJAR,Multi
Banjarmasin DC,Tapin Selatan Hub,0,KAB. TAPIN,Multi
Kalawat DC,MH 2 Madidir Hub,342,KOTA BITUNG,Multi
Kalawat DC,MH Bolaang Uki 3 Hub,1004,KAB. BOLAANG MONGONDOW SELATAN,Multi
Makassar DC,Bengo Hub,3,KAB. BONE,Multi
Makassar DC,Majauleng Hub,3,KAB. WAJO,Multi
Mantikulore DC,MH 1 Gumbasa Hub,39,KAB. SIGI,Multi
Mantikulore DC,MH Baolan Hub,328,KAB. TOLI-TOLI,Multi
Maros DC,MH Makale Utara 3 Hub,7,KAB. TANA TORAJA,Multi
Pontianak 2 DC,Pontianak Barat Hub,2,KOTA PONTIANAK,Multi
Pontianak 2 DC,Singkawang Hub,0,KOTA SINGKAWANG,Multi
Pontianak 2 DC,Singkawang Utara Hub,0,KOTA SINGKAWANG,Multi
Pontianak 2 DC,Tangaran Hub,0,KAB. SAMBAS,Multi
Pontianak DC,Ketapang Kalbar Hub,0,KAB. KETAPANG,Multi
Pontianak DC,Kubu Raya Hub,0,KOTA PONTIANAK,Multi
Pontianak DC,MH 3 Hulu Gurung Hub,0,KAB. KAPUAS HULU,Multi
Pontianak DC,MH Badau Hub,40,KAB. KAPUAS HULU,Multi
Pontianak DC,Matan Hilir Utara Hub,0,KAB. KETAPANG,Multi
Pontianak DC,Mempawah Hub,0,KAB. PONTIANAK,Multi
Pontianak DC,Sandai Hub,2,KAB. KETAPANG,Multi
Tamalanrea DC,Banjarmasin Barat Hub,3,KOTA BANJARMASIN,Multi
Tamalanrea DC,Bengo 2 Hub,3,KAB. BONE,Multi
Tamalanrea DC,Bumi Raya Hub,3,KAB. MOROWALI,Multi
Tamalanrea DC,Kanigoro Hub,2,KAB. BLITAR,Multi
Tamalanrea DC,MH 2 Ratahan Hub,3,KAB. MINAHASA TENGGARA,Multi
Tamalanrea DC,Mampang Prapatan Hub,2,KOTA JAKARTA SELATAN,Multi
Tamalanrea DC,Pamona Selatan Hub,3,KAB. POSO,Multi
Tamalanrea DC,Somba Opu 2 Hub,3,KAB. GOWA,Multi
Tamalanrea DC,Tinakung Hub,1,KAB. BANGGAI KEPULAUAN,Multi
Balikpapan DC,Nunukan Hub,11,KAB. NUNUKAN,Multi
Balikpapan DC,Payung Sekaki Hub,2,KOTA PEKANBARU,Multi
Balikpapan DC,Wonoayu 2 Hub,2,KAB. SIDOARJO,Multi
Banjarmasin 2 DC,Cempaga Hub,2,KAB. KOTA WARINGIN TIMUR,Multi
Banjarmasin 2 DC,Parenggean Hub,3,KAB. KOTA WARINGIN TIMUR,Multi
Banjarmasin 2 DC,Paringin Hub,2,KAB. BALANGAN,Multi
Banjarmasin DC,Kelumpang Hulu Hub,1,KAB. KOTA BARU,Multi
Ketapang Kalbar DC,MH 2 Kendawangan Hub,99,KAB. KETAPANG,Multi
Makassar DC,Duampanua Hub,2,KAB. PINRANG,Multi
Makassar DC,Maiwa Hub,3,KAB. ENREKANG,Multi
Makassar DC,Palakka Hub,3,KAB. BONE,Multi
Mantikulore DC,MH 1 Pamona Puselemba Hub,615,KAB. POSO,Multi
Mantikulore DC,Tondano Selatan Hub,4,KAB. MINAHASA,Multi
Palangka Raya DC,Kab. Sukabumi Hub,2,KAB. SUKABUMI,Multi
Palangka Raya DC,Sepaku Hub,2,KAB. PENAJAM PASER UTARA,Multi
Pontianak 2 DC,MH 1 Teluk Pakedai Hub,0,KAB. KUBU RAYA,Multi
Pontianak 2 DC,Pemangkat Hub,4,KAB. SAMBAS,Multi
Pontianak DC,Meliau Hub,3,KAB. SANGGAU,Multi
Pontianak DC,Sei Sungai Kunyit 2 Hub,2,KAB. PONTIANAK,Multi
Pontianak DC,Simpang Hilir Hub,2,KAB. KAYONG UTARA,Multi
Pontianak DC,Sungai Rengas Hub,2,KAB. KUBU RAYA,Multi
Tamalanrea DC,Baraka Hub,3,KAB. ENREKANG,Multi
Tamalanrea DC,Enrekang Hub,3,KAB. ENREKANG,Multi
Tamalanrea DC,Lau Hub,3,KAB. MAROS,Multi
Tamalanrea DC,Mapanget Hub,3,KOTA MANADO,Multi
Tamalanrea DC,Marang Hub,2,KAB. PANGKAJENE KEPULAUAN,Multi
Tamalanrea DC,Nambo Hub,2,KAB. BANGGAI,Multi
Tamalanrea DC,Toili 2 Hub,3,KAB. BANGGAI,Multi
Tamalanrea DC,Tomohon Hub,8,KOTA TOMOHON,Multi
Wua-Wua DC,Wolio Hub,9,KOTA BAU-BAU,Multi
Banjarmasin 2 DC,Baamang 2 Hub,0,KAB. SERUYAN,Multi
Banjarmasin 2 DC,Cempaga Hulu Hub,0,KAB. KOTA WARINGIN TIMUR,Multi
Banjarmasin 2 DC,Danau Seluluk Hub,0,KAB. SERUYAN,Multi
Banjarmasin 2 DC,Katingan Tengah Hub,0,KAB. KATINGAN,Multi
Banjarmasin 2 DC,Kurun Hub,0,KAB. GUNUNG MAS,Multi
Banjarmasin 2 DC,MH 1 Bukit Batu Kota Palangka Raya Hub,0,KOTA PALANGKA RAYA,Multi
Banjarmasin 2 DC,MH 1 Palangka Raya Hub,0,KAB. PULANG PISAU,Multi
Banjarmasin 2 DC,Selat Hub,0,KAB. KAPUAS,Multi
Banjarmasin 2 DC,Seruyan Hilir Hub,0,KAB. SERUYAN,Multi
Banjarmasin 2 DC,Tanjung Redeb Hub,0,KAB. BERAU,Multi
Banjarmasin 2 DC,Tewah Hub,0,KAB. GUNUNG MAS,Multi
Kalawat DC,MH Tondano Selatan 2 Hub,0,KAB. MINAHASA,Multi
Ketapang Kalbar DC,MH 1 Pemahan Hub,0,KAB. KETAPANG,Multi
Makassar DC,Makassar Hub,0,KOTA MAKASSAR,Multi
Makassar DC,Turikale Hub,0,KAB. MAROS,Multi
Maros DC,Pallangga Hub,0,KAB. GOWA,Multi
Pontianak DC,Wawoni Barat Hub,0,KAB. KONAWE KEPULAUAN,Multi
Tamalanrea DC,Dumoga Utara Hub,0,KAB. BOLAANG MONGONDOW (BOLMONG),Multi
Tamalanrea DC,Matuari Hub,0,KOTA BITUNG,Multi
Tamalanrea DC,Wolo Hub,0,KAB. KOLAKA,Multi
Banjarmasin 2 DC,Banjarmasin Barat Hub,0,KOTA BANJARMASIN,Multi
Banjarmasin 2 DC,Muara Badak Hub,0,KAB. KUTAI KARTANEGARA,Multi
Banjarmasin 2 DC,Sebulu Hub,0,KAB. KUTAI KARTANEGARA,Multi
Banjarmasin 2 DC,Tarogong Hub,0,KAB. GARUT,Multi
Jailolo DC,MH Tobelo 2 Hub,0,KAB. HALMAHERA UTARA,Multi
Kalawat DC,MH Bolaang Uki 2 Hub,0,KAB. BOLAANG MONGONDOW SELATAN,Multi
Simboro Dan Kepulauan DC,MH Simboro Dan Kepulauan Hub,0,KAB. MAMUJU,Multi
Sungai Kakap DC,Siantan Pontianak Hub,0,KAB. PONTIANAK,Multi
Tamalanrea DC,Bantaeng Hub,0,KAB. BANTAENG,Multi
Tamalanrea DC,Baras Hub,0,KAB. MAMUJU UTARA,Multi
Tamalanrea DC,Bulukumba Hub,0,KAB. BULUKUMBA,Multi
Tamalanrea DC,Pallangga Hub,0,KAB. GOWA,Multi
Tamalanrea DC,Patallassang Hub,0,KAB. TAKALAR,Multi
Tamalanrea DC,Sinjai Utara Hub,0,KAB. SINJAI,Multi
Tamalanrea DC,Somba Opu Hub,0,KOTA MAKASSAR,Multi
Tamalanrea DC,Topoyo Hub,0,KAB. MAMUJU TENGAH,Multi
Banjarmasin 2 DC,Muara Uya Hub,0,KAB. TABALONG,Multi
Maros DC,Panakkukang Hub,0,KOTA MAKASSAR,Multi
Maros DC,Wajo Hub,0,KOTA MAKASSAR,Multi
Tamalanrea DC,Kalawat Hub,0,KAB. MINAHASA UTARA,Multi
Tamalanrea DC,Kalukku Hub,0,KAB. MAMUJU,Multi
Tamalanrea DC,Mattiro Bulu Hub,0,KAB. PINRANG,Multi
Tamalanrea DC,Panakkukang Hub,0,KOTA MAKASSAR,Multi
Tamalanrea DC,Rappocini Hub,0,KOTA MAKASSAR,Multi
Tamalanrea DC,Tanete Rilau Hub,0,KAB. BARRU,Multi
Tamalanrea DC,Ujung Bulu Hub,0,KAB. BULUKUMBA,Multi
Banjarbaru DC,Angsana Hub,0,KAB. TANAH BUMBU,Multi
Banjarmasin 2 DC,Babulu Hub,0,KAB. PENAJAM PASER UTARA,Multi
Banjarmasin 2 DC,Balikpapan Utara 3 Hub,0,KOTA BALIKPAPAN,Multi
Banjarmasin 2 DC,Semarang Hub,0,KOTA SEMARANG,Multi
Ketapang Kalbar DC,MH Sukadana Kalbar Hub,0,KAB. KAYONG UTARA,Multi
Pontianak DC,Sungai Tebelian Hub,0,KAB. SINTANG,Multi
Tamalanrea DC,Galesong Hub,0,KAB. TAKALAR,Multi
Tamalanrea DC,MH 3 Towuti Hub,0,KAB. LUWU TIMUR,Multi
Tamalanrea DC,MH Dumoga Utara Hub,0,KAB. BOLAANG MONGONDOW (BOLMONG),Multi
Tamalanrea DC,Mallusetasi Hub,0,KAB. BARRU,Multi
Tamalanrea DC,Muara Jawa Hub,0,KAB. KUTAI KARTANEGARA,Multi
Tamalanrea DC,Rantepao Hub,0,KAB. TORAJA UTARA,Multi
Tamalanrea DC,Setu Kota Tangerang Selatan Hub,0,KOTA TANGERANG SELATAN,Multi
Tamalanrea DC,Sinjai Selatan Hub,0,KAB. SINJAI,Multi
Tamalanrea DC,Sungai Pinang Hub,0,KOTA SAMARINDA,Multi
Tamalanrea DC,Tallo Hub,0,KOTA MAKASSAR,Multi
Tamalanrea DC,Wara Hub,0,KOTA PALOPO,Multi
Tamalanrea DC,Wawoni Barat Hub,0,KAB. KONAWE KEPULAUAN,Multi
Banjarbaru DC,Bati-bati Hub,0,KAB. TANAH LAUT,Multi
Banjarmasin 2 DC,Sungai Pandan Hub,0,KAB. HULU SUNGAI UTARA,Multi
Tamalanrea DC,Camba Hub,0,KAB. MAROS,Multi
Tamalanrea DC,Gorontalo Hub,0,KOTA GORONTALO,Multi
Tamalanrea DC,Pasangkayu Hub,0,KAB. MAMUJU UTARA,Multi
Tamalanrea DC,Sinjai Barat Hub,0,KAB. SINJAI,Multi
Tamalanrea DC,Sipatana 2 Hub,0,KOTA GORONTALO,Multi
Banjarmasin 2 DC,Semarang Utara Hub,0,KOTA SEMARANG,Multi
Makassar DC,MH 1 Tamalate Hub,0,KOTA MAKASSAR,Multi
Maros DC,Tamalanrea Hub,0,KOTA MAKASSAR,Multi
Tamalanrea DC,Amali Hub,0,KAB. BONE,Multi
Tamalanrea DC,Bantimurung Hub,0,KAB. MAROS,Multi
Tamalanrea DC,Denpasar Utara Hub,0,KOTA DENPASAR,Multi
Tamalanrea DC,Kotamobagu Timur Hub,0,KOTA KOTAMOBAGU,Multi
Tamalanrea DC,Limboto Hub,0,KAB. GORONTALO,Multi
Tamalanrea DC,Tamalate 2 Hub,0,KOTA MAKASSAR,Multi
Tamalanrea DC,Towuti Hub,0,KAB. LUWU TIMUR,Multi
