name,longitude,latitude
Abang Hub,115.614027,-8.33362
Abiansemal Hub,115.2108,-8.541349
Adiwerna 2 Hub,109.118549,-6.940724
Adiwerna Hub,109.110328,-6.926466
Aesesa Hub,121.3327,-8.57958
Ajibarang Hub,109.075264,-7.413101
Alak DC,123.549862,-10.179267
Alak Hub,123.574917,-10.213972
Alas Hub,116.981833,-8.515694
Alok Hub,122.206277,-8.641592
Ambarawa Hub,110.404024,-7.277492
Andong Hub,110.759758,-7.372934
Arjawinangun Hub,108.417465,-6.663385
Asakota Hub,118.755778,-8.437852
Atambua Kota Hub,124.897906,-9.107663
Babadan Hub,111.495687,-7.822459
Babelan 2 Hub,107.045077,-6.168201
Bagelen Hub,109.996033,-7.819141
Baki Hub,110.78673,-7.591641
Balong Hub,111.434033,-7.966824
Balongbendo Hub,112.542371,-7.414092
Bandongan Hub,110.1942,-7.467748
Bandung Utara Hub,107.587704,-6.907589
Bangkalan Kota Hub,112.761063,-7.043367
Banguntapan 2 Hub,110.396113,-7.85599
Banguntapan Hub,110.40999,-7.812799
Banjar Hub,114.971655,-8.188457
Banjarangkan Hub,115.389589,-8.552617
Banjarnegara Hub,109.679479,-7.399289
Banjarsari Hub,108.621337,-7.491795
Banjarsari Solo Hub,110.81374,-7.548125
Bantarsari Hub,108.862546,-7.531882
Banyumas 2 DC,109.268047,-7.454763
Banyumas DC,109.280522,-7.450453
Banyumas Hub,109.067054,-7.517965
Barat 2 Hub,111.472838,-7.566863
Barat Hub,111.443379,-7.601066
Batang Hub,109.718722,-6.931297
Batu Layar Hub,116.074908,-8.541226
Batukliang Hub,116.316854,-8.61684
Baturetno Hub,110.956825,-7.944018
Bawang Batang Hub,109.91891,-7.093422
Bawang Hub,109.653873,-7.400466
Beji Kota Depok Hub,106.813362,-6.376892
Bekasi Timur 2 Hub,107.025664,-6.231997
Bekasi Utara Hub,107.003659,-6.20479
Bendosari Hub,110.83983,-7.64889
Berbah DC,110.446271,-7.803702
Biringkanaya 2 Hub,119.502669,-5.097924
Bobotsari Hub,109.364866,-7.311541
Bogor Utara 2 Hub,106.824916,-6.547069
Boja Hub,110.268725,-7.10562
Bojongsari Hub,109.331417,-7.347583
Bolo Hub,118.624292,-8.507428
Bonang Hub,110.599706,-6.834569
Borobudur Hub,110.218002,-7.604607
Borong Hub,120.606253,-8.813367
Brebes Hub,109.059452,-6.875918
Buaran 3 Hub,109.640953,-6.93854
Bulakamba 2 Hub,108.992139,-6.874553
Buleleng Hub,115.040911,-8.15253
Bumiayu Hub,108.97341,-7.260758
Bungkal Hub,111.453244,-8.00938
Candisari Hub,110.432394,-7.009421
Cengkareng 6 Hub,106.76581,-6.15435
Cepu Hub,111.587207,-7.136558
Ciampea 2 Hub,106.708114,-6.575468
Cibeunying Kidul Hub,107.636606,-6.914323
Cibitung 2 Hub,107.090254,-6.22261
Cibungbulang Hub,106.645669,-6.575278
Cicalengka Hub,107.868897,-7.008995
Cikarang Selatan 2 Hub,107.109399,-6.347001
Cikarang Utara 2 Hub,107.170806,-6.274583
Cikeusal Lor Hub,108.876807,-7.052469
Cikupa Hub,106.511311,-6.230699
Cilacap Hub,109.017589,-7.711339
Cilacap Utara 2 Hub,109.045333,-7.685139
Cileungsi Hub,106.978903,-6.386858
Cilimus Hub,108.507397,-6.849676
Cilincing 2 Hub,106.95665,-6.122536
Cilincing 3 Hub,106.927699,-6.14697
Cilongok Hub,109.171998,-7.414248
Cimanggis Hub,106.879196,-6.439252
Cimanggu 2 Hub,108.842185,-7.356126
Cipayung Jakarta Timur Hub,106.904166,-6.31845
Dawe Hub,110.869813,-6.733203
Delanggu Hub,110.689423,-7.642444
Demak Hub,110.611852,-6.914015
Denpasar DC,115.298586,-8.623112
Denpasar Hub,115.189692,-8.675127
Denpasar Selatan 2 Hub,115.233174,-8.707742
Depok 2 Hub,110.464964,-7.760445
Depok 3 Hub,110.392602,-7.778719
Depok Hub,110.399969,-7.752832
Dlingo Hub,110.468738,-7.925082
Dompu Hub,118.455598,-8.5311
Driyorejo Hub,112.632297,-7.362699
Ende Tengah Hub,121.655427,-8.844288
Fatuleu Hub,123.878694,-10.062821
Gabus Hub,111.039275,-6.831208
Gambir 6 Hub,106.811023,-6.176165
Gamping 3 Hub,110.290407,-7.80748
Gamping Hub,110.33057,-7.796971
Gebog Hub,110.829299,-6.77501
Gemolong Hub,110.824222,-7.403278
Gemuh Hub,110.126578,-6.946258
Genuk Hub,110.472089,-6.980869
Gerokgak Hub,114.710734,-8.156705
Gerung Hub,116.129982,-8.651823
Gerung Utara Hub,116.115881,-8.686395
Geyer Hub,110.903433,-7.244873
Gili Trawangan Hub,116.037881,-8.342812
Godean Hub,110.293636,-7.767659
Godong Hub,110.771284,-7.023927
Gondokusuman Hub,110.378972,-7.793889
Gringsing Hub,110.019359,-6.971364
Grobogan Hub,110.920675,-7.031598
Grogol Petamburan 4 Hub,106.77924,-6.14426
Grogol Sukoharjo Hub,110.807174,-7.611277
Gubeng 3 Hub,112.755656,-7.28398
Gubug Hub,110.6641,-7.055887
Gumelar 2 Hub,108.982394,-7.388555
Guntur Hub,110.60614,-6.989276
Gunungpati Hub,110.39701,-7.068242
Gunungpuyuh Hub,106.942872,-6.926047
Ilir Timur II Hub,104.788736,-2.967489
Imogiri Hub,110.377611,-7.918806
Jaken Hub,111.238158,-6.775001
Jakenan Hub,111.153346,-6.770203
Jambe Hub,106.479601,-6.306388
Jambi Timur Hub,103.645249,-1.604213
Jampang Kulon Hub,106.62389,-7.273558
Jati 4 Hub,110.799454,-6.909041
Jatibarang Hub,109.063183,-6.967968
Jatinegara Kab. Tegal Hub,109.237687,-7.061277
Jatipuro Hub,111.012593,-7.746032
Jatirogo Hub,111.644014,-6.874771
Jatisampurna Hub,106.920139,-6.357139
Jatisari Hub,107.53937,-6.363824
Jatisrono Hub,111.141232,-7.828965
Jebres Hub,110.842864,-7.537202
Jekulo Hub,110.943857,-6.799906
Jepara Hub,110.706434,-6.594382
Jepara Kota Hub,110.683483,-6.592876
Jepon Hub,111.45259,-6.971505
Jerowaru Hub,116.478833,-8.779767
Jiken Hub,111.517969,-7.011629
Jogonalan Hub,110.555843,-7.724307
Jombang Hub,112.214148,-7.528713
Jonggat Hub,116.234752,-8.686617
Juwana Hub,111.147465,-6.712509
Kab. Pekalongan Hub,109.647186,-6.948948
Kalibagor Hub,109.299138,-7.463154
Kalideres 8 Hub,106.70433,-6.144648
Kaliori Hub,111.263711,-6.713024
Kaliwungu Hub,110.262991,-6.963011
Kaliwungu Selatan Hub,110.235015,-6.967308
Kamal Hub,112.712985,-7.117338
Kandangan Temanggung Hub,110.186134,-7.254124
Kandat Hub,112.02707,-7.95815
Karang Tengah Kab. Demak Hub,110.562882,-6.904498
Karanganyar Hub,110.792124,-7.553277
Karanganyar Pekalongan Hub,109.603024,-7.032125
Karangasem Hub,115.581564,-8.444995
Karanggede Hub,110.636753,-7.373258
Karanglewas Hub,109.189194,-7.4175
Karangmalang Hub,111.023936,-7.449136
Karangmoncol Hub,109.496027,-7.291137
Karangpandan Hub,111.033896,-7.619345
Karangrayung Hub,110.78075,-7.104861
Karangsambung Hub,109.681065,-7.563925
Kasihan 2 Hub,110.350112,-7.781557
Kasihan Hub,110.345549,-7.844374
Kauman Ponorogo Hub,111.408389,-7.873023
Kayangan Hub,116.265056,-8.252083
Kayen 3 Hub,110.985992,-6.898866
Kayen Hub,110.993339,-6.880615
Kebayoran Lama Hub,106.782915,-6.213234
Keboromo Hub,111.040316,-6.499782
Kebumen DC,109.591656,-7.651529
Kebumen Hub,109.670452,-7.683116
Kedung Banteng Hub,109.218644,-7.395985
Kedungjati 2 Hub,110.63123,-7.165073
Kedungjati Hub,110.651917,-7.110361
Kedungmenjangan Hub,109.390802,-7.444274
Kedungwuni 3 Hub,109.650395,-6.968861
Kedungwuni 4 Hub,109.639381,-6.952105
Keling Hub,110.864085,-6.481064
Kemiri Hub,109.909083,-7.674833
Kempo Hub,118.242293,-8.555362
Kendal Hub,110.172785,-6.923835
Kepil Hub,110.004583,-7.510778
Kersamanah Hub,108.009984,-7.055749
Kersana Hub,108.88842,-6.930604
Kesamben Hub,112.382635,-8.139329
Kesugihan Hub,109.088536,-7.62333
Kintamani Hub,115.325873,-8.24232
Klambu Hub,110.838775,-7.012915
Klaten Hub,110.635731,-7.686926
Klaten Tengah Hub,110.5786,-7.718446
Koja 6 Hub,106.913719,-6.118374
Kokap Hub,110.100594,-7.84173
Konang Hub,113.119233,-7.076553
Kopang Hub,116.345126,-8.663308
Kota Kefamenanu Hub,124.476005,-9.4601
Kota Lama Hub,123.585824,-10.160356
Kota Pekalongan Hub,109.668761,-6.899289
Kragan Hub,111.596088,-6.676729
Kraksaan Hub,113.438125,-7.756764
Kranggan Hub,110.217985,-7.35428
Krembung Hub,112.607571,-7.485545
Kroya Indramayu Hub,108.062915,-6.494942
Kubutambahan Hub,115.192811,-8.074223
Kudus DC,110.876548,-6.83287
Kudus Hub,110.852446,-6.819663
Kulon Progo Hub,110.151722,-7.895444
Kunduran Hub,111.255702,-7.048466
Kupang Timur Hub,123.793287,-10.105262
Kuta Selatan 5 Hub,115.204941,-8.786354
Kuta Utara Hub,115.178415,-8.637224
Kutoarjo Hub,109.886427,-7.726179
Kutuh Hub,115.181169,-8.82749
Labuan Hub,105.840639,-6.352417
Labuapi Hub,116.122015,-8.627841
Labuhan Badas Hub,117.392143,-8.477294
Labuhan Bajo DC,119.898948,-8.486337
Labuhan Bajo Hub,119.898948,-8.486337
Lambu Hub,119.012603,-8.60811
Langgudu Utara Selatan Hub,118.799436,-8.701798
Langke Rembong 4 Hub,120.470419,-8.608758
Langke Rembong Hub,120.437015,-8.587036
Lape Hub,117.591036,-8.620412
Larangan Hub,109.005933,-6.959167
Lasem Hub,111.448968,-6.708732
Laweyan Kota Surakarta Hub,110.815961,-7.570681
Lembar Hub,116.086752,-8.705493
Lembor Hub,120.166808,-8.710904
Libureng Hub,120.093869,-4.913786
Loano Hub,110.026651,-7.65322
Lobalain 4 Hub,123.063456,-10.756848
Lobalain Hub,123.036053,-10.759091
Lombok Timur Hub,116.51713,-8.651773
Losari Hub,108.769446,-6.906892
Lumbir Hub,108.954724,-7.444286
Lunyuk Hub,117.200834,-8.995947
MH 1 Asakota Hub,118.781016,-8.342545
MH 1 Mpunda Hub,118.92431,-8.340585
MH 1 Pekat Hub,117.715797,-8.238184
MH Dompu Hub,118.583367,-8.436414
MH Langke Rembong Hub,120.437015,-8.587036
MH Maulafa 3 Hub,123.673883,-10.190864
MH Pajo Hub,118.491313,-8.61176
MH Sumbawa Hub,117.4206,-8.49478
MH Woha Hub,118.697683,-8.570849
MH Wolowaru 2 Hub,121.885784,-8.782817
Madukara Hub,109.746023,-7.388826
Magelang Hub,110.254697,-7.421524
Majalaya Kab. Karawang Hub,107.369172,-6.28059
Majenang Hub,108.771232,-7.300863
Malaka Tengah Hub,124.907361,-9.561144
Maluk Hub,116.752792,-8.916413
Mandiraja Hub,109.518778,-7.452889
Manisrenggo Hub,110.505982,-7.706834
Manulai II Hub,123.547699,-10.179243
Margaasih Hub,107.534618,-6.953424
Margasari Hub,109.011806,-7.095046
Margorejo Hub,111.014397,-6.758065
Margoyoso Hub,111.048975,-6.59657
Mario Riawa Hub,119.888993,-4.19632
Mataram 2 DC,116.124988,-8.633055
Mataram DC,116.125107,-8.632521
Maulafa Hub,123.613964,-10.182991
Mendoyo Hub,114.770129,-8.401436
Menggelewa Hub,118.309387,-8.516916
Mergangsan Hub,110.376844,-7.812144
Mijen Demak Hub,110.718237,-6.847388
Mijen Hub,110.310825,-7.061615
Mlonggo Hub,110.705094,-6.521933
Moyo Hilir Hub,117.429111,-8.517833
Mpunda Hub,118.737668,-8.459603
Mranggen Hub,110.5117,-7.02498
Muntilan Hub,110.287486,-7.58085
Nanggulan Hub,110.221722,-7.722278
Narmada Hub,116.190901,-8.598232
Neglasari Hub,106.629057,-6.135173
Ngadirejo Hub,110.070306,-7.23425
Ngadirojo Kidul Hub,111.030411,-7.81771
Ngaglik 3 Hub,110.382712,-7.731124
Ngaglik Hub,110.366377,-7.697291
Ngaliyan 2 Hub,110.336194,-7.018159
Ngaliyan 3 Hub,110.343618,-6.986137
Ngaliyan Hub,110.337904,-7.00805
Ngampel Hub,110.157786,-6.9658
Nganjuk Hub,111.918734,-7.612532
Ngawen Hub,111.313556,-7.001417
Ngawi Hub,111.411688,-7.402836
Ngemplak Hub,110.448868,-7.711768
Ngimbang Hub,112.221178,-7.287046
Nusapenida Hub,115.487904,-8.68122
Paciran Hub,112.332527,-6.868261
Pagerbarang Hub,109.070316,-7.015742
Pajo Hub,118.488753,-8.59953
Palimanan Hub,108.438082,-6.709567
Paliyan Hub,110.518056,-8.042056
Pandeyan Hub,110.381682,-7.816195
Pangandaran Hub,108.663096,-7.682396
Pangkah Hub,109.158526,-6.98698
Pangkur Hub,111.523637,-7.485457
Paninggaran Hub,109.58933,-7.171789
Pantai Baru Hub,123.232783,-10.620338
Panyileukan Hub,107.707308,-6.940088
Parado Hub,118.558167,-8.759917
Paron Hub,111.385565,-7.442308
Pasar Kliwon Hub,110.822988,-7.590964
Patikraja Hub,109.21986,-7.487644
Patimuan Hub,108.771744,-7.568726
Pecatu Hub,115.118549,-8.831255
Pedurungan 8 Hub,110.489091,-7.026173
Pedurungan Hub,110.47789,-7.013074
Pekalongan Utara Hub,109.672855,-6.875679
Pekat Hub,117.760088,-8.186441
Pemalang Hub,109.40194,-6.908861
Pende Hub,108.853829,-6.9784
Penjaringan 14 Hub,106.803348,-6.116887
Penjaringan 2 Hub,106.722016,-6.109815
Petarukan Hub,109.460815,-6.895641
Piyungan Hub,110.448314,-7.828406
Playen Hub,110.575912,-7.939275
Plemahan Hub,112.147249,-7.671639
Plupuh Hub,110.879472,-7.470472
Ponorogo Hub,111.464787,-7.848654
Praya Barat Daya Hub,116.199856,-8.787299
Praya Barat Hub,116.247083,-8.739905
Praya Hub,116.279248,-8.689352
Praya Tengah Hub,116.304992,-8.725834
Prembun Hub,109.796413,-7.713027
Pringapus Hub,110.438137,-7.185355
Pringgabaya Hub,116.62224,-8.56392
Pringgarata Hub,116.243913,-8.613831
Pujut Hub,116.296434,-8.825418
Punggelan Hub,109.57023,-7.354588
Punung Hub,111.00951,-8.135865
Pupuan Hub,115.032161,-8.330508
Purbalingga DC,109.351256,-7.376843
Purbalingga Hub,109.357734,-7.377227
Purwasari Hub,107.400696,-6.386663
Purwodadi Hub,110.904228,-7.091446
Purwojati Hub,109.114016,-7.4891
Purwokerto Barat Hub,109.225665,-7.418511
Purwokerto Hub,109.240692,-7.447597
Purwokerto Timur Hub,109.256489,-7.421644
Purwokerto Utara Hub,109.23367,-7.407918
Purwonegoro Hub,109.598187,-7.411055
Purworejo Hub,110.026694,-7.725528
Raba Hub,118.766407,-8.471466
Randudongkal Hub,109.334479,-7.100051
Rembang Hub,111.369307,-6.720364
Sakra Barat Hub,116.459287,-8.688298
Salam Hub,110.298678,-7.601973
Salatiga Hub,110.506153,-7.3548
Sambalia Hub,116.708041,-8.414097
Sanggar Hub,118.318304,-8.389611
Sape Hub,119.010132,-8.57813
Sapuran Hub,109.97547,-7.443909
Sawahan Hub,112.713676,-7.268406
Sawan Hub,115.144391,-8.081204
Sawangan Kota Depok Hub,106.770222,-6.404745
Sawit Hub,110.690869,-7.535402
Sawoo Hub,111.493931,-7.959218
Seberang Ulu I Hub,104.772863,-3.013662
Sedan Hub,111.559319,-6.777023
Sedati Hub,112.761146,-7.374145
Sekarbela Hub,116.076333,-8.594194
Sekotong Hub,116.056806,-8.778028
Selat Bali Hub,115.466555,-8.434138
Semarang 4 DC,110.33997,-6.98358
Semarang DC,110.322915,-6.973491
Semarang Hub,110.391825,-6.987731
Semarang Timur Hub,110.435419,-6.978273
Semarang Utara Hub,110.40619,-6.95325
Semau Hub,123.462354,-10.180699
Sembalun Hub,116.542383,-8.389939
Semin Hub,110.732241,-7.841896
Sentolo 2 Hub,110.223071,-7.84608
Serengan 2 Hub,110.821998,-7.589357
Sewon Hub,110.374597,-7.871249
Seyegan Hub,110.308472,-7.722056
Sidomukti Hub,110.492611,-7.341917
Simo Hub,110.678909,-7.450932
Sinduharjo Hub,110.41264,-7.704897
Singorojo Hub,110.188333,-7.07825
Slawi Hub,109.140414,-6.98659
Soe Hub,124.272458,-9.863031
Soko Hub,111.971556,-7.086127
Solo 2 Hub,110.811431,-7.487324
Solo DC,110.786861,-7.590774
Solo Hub,110.818975,-7.601977
Somagede Hub,109.331139,-7.521944
Sragen Hub,110.983449,-7.440123
Sukakarya Hub,107.204062,-6.172645
Sukaluyu Hub,107.229278,-6.80625
Sukaraja 3 Hub,106.808938,-6.530246
Sukasada Hub,115.096936,-8.14993
Sukodadi Hub,112.333543,-7.086549
Sukoharjo Hub,110.952776,-7.581882
Sukoharjo Wonosobo Hub,109.797533,-7.409026
Sukolilo 2 Hub,110.937485,-6.919669
Sukolilo Hub,112.76256,-7.300825
Sukorejo Kendal Hub,110.033556,-7.0845
Sulang Hub,111.372056,-6.794278
Sumbawa Hub,117.433506,-8.498464
Sumberrejo Hub,112.024178,-7.171285
Sumowono Hub,110.322619,-7.232624
Sumpiuh Hub,109.282988,-7.591822
Sungai Raya Hub,109.383786,-0.122596
Suradadi Hub,109.276958,-6.899107
Susukan Kab. Banjarnegara Hub,109.471206,-7.450879
Tabanan Hub,115.111014,-8.552222
Tahunan Hub,110.664881,-6.611319
Talang 2 Hub,109.148637,-6.897634
Talang Hub,109.152074,-6.921031
Taliwang Hub,116.830841,-8.748914
Taman Madiun 2 Hub,111.520021,-7.649492
Taman Pemalang 2 Hub,109.393339,-6.887968
Tanah Abang Hub,106.820216,-6.186863
Tanjung Brebes Hub,108.859191,-6.875137
Tanjung Priok 5 Hub,106.886809,-6.110101
Taraju Hub,108.009528,-7.452361
Tarogong Hub,107.893463,-7.171367
Tarub Hub,109.188015,-6.912957
Tawangharjo Hub,110.991722,-7.082694
Tayu Hub,111.059327,-6.56751
Tegal Barat Hub,109.1172,-6.870139
Tegal DC,109.106557,-6.84908
Tegal Hub,109.123736,-6.890209
Tegallalang 2 Hub,115.279687,-8.421206
Tegallalang Hub,115.271568,-8.531226
Tegalrejo Hub,110.353143,-7.778901
Tegowanu Hub,110.618811,-7.05069
Tejakula Hub,115.363212,-8.134595
Temanggung Hub,110.198518,-7.334939
Tembalang Hub,110.455071,-7.017805
Tempel Hub,110.319829,-7.658752
Tengaran Hub,110.516003,-7.408278
Tepus Hub,110.641944,-8.125278
Tersono Hub,112.755214,-7.027944
Tirto Hub,109.640621,-6.890351
Toroh Hub,110.910811,-7.136241
Trangkil Hub,111.072982,-6.674158
Triharjo Hub,110.16938,-7.835966
Tulis Hub,109.769067,-6.932623
Tulungagung Hub,111.912442,-8.040564
Tuntang Hub,110.484565,-7.26476
Ulujami Hub,109.554588,-6.886126
Umbulharjo Hub,110.390329,-7.832615
Ungaran Hub,110.41022,-7.1545
Unter Iwes (Unterwiris) Hub,117.398874,-8.491412
Utan Hub,117.134031,-8.413472
Virtual Semarang DC,110.34597,-7.017135
Wanadadi Hub,109.64126,-7.365243
Wanasaba Hub,116.563665,-8.569296
Wanasari Hub,109.006555,-6.873753
Wanayasa Hub,109.748592,-7.251275
Warungasem Hub,109.700207,-6.925093
Wawo Hub,118.841544,-8.552282
Way Halim Hub,105.281953,-5.391692
Wedung Hub,110.616324,-6.79242
Welahan Hub,110.724806,-6.754107
Weleri Hub,110.090304,-6.948912
Widasari Hub,108.291121,-6.466364
Widodaren Hub,111.223525,-7.401537
Wiradesa 2 Hub,109.608611,-6.892306
Wiradesa Hub,109.631812,-6.890516
Wirosari Hub,111.110785,-7.082817
Woha Hub,118.696934,-8.560682
Wolowaru Hub,121.885784,-8.782817
Wonoasri Hub,111.646007,-7.548514
Wonosalam 2 Hub,110.669944,-6.885699
Wonosari Hub,110.59042,-7.974178
Wonosobo 4 Hub,109.918797,-7.366995
Yogyakarta DC,110.373697,-7.82977
